rec;send;queue;id_1;id_2
1586950542982;1586950542787;19;0;3
1586950543027;1586950542788;19;0;2
1586950543163;1586950542787;18;0;5
1586950543231;1586950542783;19;0;4
1586950556414;1586950556096;19;0;3
1586950556478;1586950556095;19;0;7
1586950556554;1586950556093;19;0;5
1586950556672;1586950556093;19;0;9
1586950556711;1586950556090;19;0;6
1586950556766;1586950556094;19;0;4
1586950556808;1586950556090;18;0;2
1586950556857;1586950556094;19;0;8
1586950558308;1586950556092;19;0;10
1586950568636;1586950568309;19;0;3
1586950568710;1586950568309;19;0;2
1586950568762;1586950568308;19;0;5
1586950568866;1586950568309;19;0;9
1586950568906;1586950568310;19;0;6
1586950568944;1586950568310;19;0;4
1586950568983;1586950568309;19;0;7
1586950569033;1586950568308;19;0;8
1586950570371;1586950568308;19;0;10
1586950570417;1586950568310;19;0;11
1586950582493;1586950582017;19;0;3
1586950582571;1586950582013;19;0;2
1586950582640;1586950582018;19;0;5
1586950582754;1586950582015;19;0;9
1586950582795;1586950582018;19;0;6
1586950582851;1586950582014;19;0;4
1586950582894;1586950582013;19;0;12
1586950582937;1586950582017;18;0;8
1586950582986;1586950582016;19;0;7
1586950584213;1586950582017;19;0;3
1586950584363;1586950582017;19;0;10
1586950584403;1586950582014;19;0;14
1586950584456;1586950582015;18;0;13
1586950588539;1586950582016;19;0;11
1586950596126;1586950595273;18;0;4
1586950596233;1586950595282;18;0;5
1586950597521;1586950595280;18;0;3
1586950597584;1586950595279;18;0;7
1586950597751;1586950595274;17;0;9
1586950597856;1586950595281;18;0;8
1586950597897;1586950595270;18;0;2
1586950599231;1586950595283;18;0;6
1586950599373;1586950595276;18;0;13
1586950600734;1586950595282;17;0;10
1586950601903;1586950595277;18;0;11
1586950604651;1586950595272;17;0;12
1586950605447;1586950595273;18;0;14
1586950606194;1586950595275;18;0;15
1586950607432;1586950595275;18;0;15
1586950608819;1586950608198;18;0;3
1586950608888;1586950608198;18;0;7
1586950608949;1586950608195;19;0;4
1586950609072;1586950608196;18;0;9
1586950609114;1586950608200;17;0;6
1586950609173;1586950608199;18;0;5
1586950609218;1586950608194;17;0;12
1586950609257;1586950608198;19;0;8
1586950609301;1586950608194;18;0;2
1586950610545;1586950608198;18;0;3
1586950610609;1586950608197;19;0;13
1586950610726;1586950608199;19;0;10
1586950610768;1586950608197;19;0;11
1586950612040;1586950608196;19;0;15
1586950613472;1586950608195;18;0;14
1586950622686;1586950622082;18;0;3
1586950622767;1586950622078;19;0;2
1586950622840;1586950622079;19;0;4
1586950622955;1586950622080;18;0;9
1586950623004;1586950622084;18;0;6
1586950623059;1586950622084;18;0;5
1586950623090;1586950622079;19;0;12
1586950623131;1586950622083;18;0;8
1586950623173;1586950622082;19;0;7
1586950624334;1586950622082;18;0;3
1586950624453;1586950622079;19;0;14
1586950624498;1586950622083;19;0;10
1586950624547;1586950622081;19;0;13
1586950625877;1586950622080;19;0;15
1586950627237;1586950622081;18;0;11
1586950636347;1586950635765;18;0;3
1586950636418;1586950635764;19;0;7
1586950636490;1586950635766;19;0;5
1586950636625;1586950635762;19;0;9
1586950636665;1586950635766;15;0;6
1586950636724;1586950635761;19;0;4
1586950636765;1586950635760;18;0;12
1586950636804;1586950635765;19;0;8
1586950636847;1586950635760;18;0;2
1586950638036;1586950635763;19;0;13
1586950638149;1586950635765;19;0;10
1586950638182;1586950635761;19;0;14
1586950639401;1586950635764;18;0;11
1586950640672;1586950635762;19;0;15
1586950649886;1586950649250;19;0;3
1586950649964;1586950649245;19;0;2
1586950650022;1586950649251;19;0;5
1586950650107;1586950649251;12;0;6
1586950650171;1586950649247;19;0;9
1586950650210;1586950649249;19;0;13
1586950650277;1586950649246;19;0;4
1586950650320;1586950649246;19;0;12
1586950650359;1586950649250;19;0;8
1586950651586;1586950649250;18;0;7
1586950651694;1586950649247;19;0;14
1586950651743;1586950649251;19;0;10
1586950651825;1586950649251;19;0;10
1586950653186;1586950649248;19;0;15
1586950654640;1586950649249;18;0;11
1586950664293;1586950662964;18;0;5
1586950664340;1586950662950;18;0;2
1586950665360;1586950662959;18;0;3
1586950665430;1586950662958;17;0;7
1586950665512;1586950662963;18;0;4
1586950665619;1586950662962;18;0;9
1586950665719;1586950662960;18;0;8
1586950665781;1586950662955;18;0;13
1586950667355;1586950662965;16;0;6
1586950668747;1586950662953;18;0;10
1586950672846;1586950662951;17;0;12
1586950676945;1586950662952;18;0;14
1586950678358;1586950677533;19;0;3
1586950678425;1586950677530;17;0;2
1586950678486;1586950677531;19;0;4
1586950678610;1586950677531;19;0;9
1586950678670;1586950677534;19;0;6
1586950678745;1586950677534;18;0;5
1586950678794;1586950677531;15;0;12
1586950678838;1586950677533;19;0;8
1586950678881;1586950677533;19;0;7
1586950680009;1586950677532;19;0;13
1586950680102;1586950677531;19;0;14
1586950681520;1586950677534;19;0;10
1586950681561;1586950677532;18;0;15
1586950682882;1586950677533;19;0;11
1586950685660;1586950662957;18;0;11
1586950687000;1586950662954;18;0;15
1586950692250;1586950691455;19;0;3
1586950692336;1586950691450;17;0;2
1586950692425;1586950691456;19;0;5
1586950692516;1586950691456;16;0;6
1586950692576;1586950691452;19;0;9
1586950692623;1586950691453;19;0;13
1586950692696;1586950691451;19;0;4
1586950692734;1586950691451;19;0;12
1586950692772;1586950691455;19;0;8
1586950692820;1586950691454;19;0;7
1586950694098;1586950691455;19;0;10
1586950695405;1586950691454;19;0;11
1586950696806;1586950691454;19;0;11
1586950698037;1586950691451;18;0;14
1586950699286;1586950691452;19;0;15
1586950705593;1586950704785;18;0;3
1586950705662;1586950704785;18;0;2
1586950705744;1586950704786;19;0;5
1586950705870;1586950704783;19;0;9
1586950705919;1586950704787;15;0;6
1586950706007;1586950704783;18;0;4
1586950706045;1586950704782;19;0;12
1586950706101;1586950704786;19;0;8
1586950706150;1586950704784;19;0;13
1586950707174;1586950704785;19;0;7
1586950707266;1586950704783;19;0;14
1586950707310;1586950704786;18;0;10
1586950708609;1586950704784;19;0;15
1586950710065;1586950704784;19;0;11
1586950711431;1586950704784;19;0;11
1586950718759;1586950717858;18;0;3
1586950718835;1586950717855;19;0;2
1586950718917;1586950717859;19;0;5
1586950719070;1586950717856;18;0;9
1586950719129;1586950717859;14;0;6
1586950719194;1586950717855;19;0;4
1586950719238;1586950717855;19;0;12
1586950719283;1586950717858;18;0;8
1586950719326;1586950717857;19;0;7
1586950720527;1586950717857;18;0;13
1586950720636;1586950717858;19;0;10
1586950720684;1586950717856;18;0;14
1586950723249;1586950717856;19;0;15
1586950724569;1586950717857;18;0;11
1586950732046;1586950730804;18;0;4
1586950732148;1586950730811;18;0;5
1586950733333;1586950730808;18;0;3
1586950733406;1586950730807;17;0;7
1586950733598;1586950730805;17;0;9
1586950733688;1586950730809;18;0;8
1586950733734;1586950730803;17;0;2
1586950733821;1586950730812;18;0;6
1586950735094;1586950730806;18;0;13
1586950736539;1586950730809;18;0;10
1586950736577;1586950730807;18;0;11
1586950740217;1586950730804;17;0;12
1586950742680;1586950730805;18;0;14
1586950743691;1586950730805;18;0;15
1586950744870;1586950744002;19;0;3
1586950744945;1586950744000;15;0;2
1586950745008;1586950744000;18;0;4
1586950745113;1586950744001;18;0;9
1586950745158;1586950744003;18;0;6
1586950745224;1586950744003;18;0;5
1586950745258;1586950744000;18;0;12
1586950745307;1586950744002;19;0;8
1586950745361;1586950744002;19;0;7
1586950746574;1586950744001;19;0;13
1586950746682;1586950744003;19;0;10
1586950746723;1586950744000;18;0;12
1586950747994;1586950744001;18;0;15
1586950749345;1586950744001;19;0;14
1586950750697;1586950744002;19;0;11
1586950757896;1586950756950;19;0;3
1586950757965;1586950756950;19;0;7
1586950758037;1586950756951;19;0;5
1586950758119;1586950756951;19;0;6
1586950758175;1586950756949;19;0;9
1586950758230;1586950756949;19;0;13
1586950758303;1586950756948;19;0;4
1586950758347;1586950756948;18;0;12
1586950758390;1586950756950;19;0;8
1586950758450;1586950756947;15;0;2
1586950759745;1586950756951;19;0;10
1586950759791;1586950756948;19;0;14
1586950761007;1586950756949;19;0;15
1586950764911;1586950756949;19;0;11
1586950770479;1586950769461;19;0;3
1586950770560;1586950769458;19;0;2
1586950770632;1586950769462;19;0;5
1586950770746;1586950769460;19;0;9
1586950770790;1586950769462;13;0;6
1586950770851;1586950769459;19;0;4
1586950770898;1586950769459;19;0;12
1586950770944;1586950769462;19;0;8
1586950770983;1586950769461;19;0;7
1586950772173;1586950769461;18;0;13
1586950772290;1586950769462;18;0;10
1586950772344;1586950769460;19;0;14
1586950773657;1586950769460;19;0;15
1586950774902;1586950769460;19;0;15
1586950776350;1586950769461;19;0;11
1586950783175;1586950782072;18;0;3
1586950783237;1586950782069;19;0;2
1586950783311;1586950782073;19;0;5
1586950783428;1586950782070;19;0;9
1586950783478;1586950782074;15;0;6
1586950783553;1586950782070;19;0;4
1586950783588;1586950782069;18;0;12
1586950783632;1586950782073;19;0;8
1586950783678;1586950782072;19;0;7
1586950784807;1586950782072;18;0;3
1586950784873;1586950782071;19;0;13
1586950784998;1586950782073;19;0;10
1586950785052;1586950782070;18;0;14
1586950785101;1586950782073;19;0;10
1586950786293;1586950782070;18;0;14
1586950787543;1586950782072;18;0;11
1586950788779;1586950782071;19;0;15
1586950796795;1586950795120;18;0;5
1586950797896;1586950795118;17;0;3
1586950797979;1586950795111;17;0;2
1586950798055;1586950795115;18;0;9
1586950798181;1586950795113;17;0;4
1586950798284;1586950795118;18;0;8
1586950798423;1586950795121;18;0;6
1586950799582;1586950795118;18;0;7
1586950799729;1586950795117;18;0;11
1586950799785;1586950795116;18;0;13
1586950801183;1586950795119;18;0;10
1586950803868;1586950795112;18;0;12
1586950804990;1586950795114;18;0;14
1586950806157;1586950795115;18;0;15
1586950808857;1586950808822;18;0;5
1586950810085;1586950808819;19;0;3
1586950810181;1586950808818;19;0;7
1586950810257;1586950808816;19;0;4
1586950810374;1586950808817;18;0;9
1586950810426;1586950808816;19;0;12
1586950810476;1586950808819;18;0;8
1586950810519;1586950808816;13;0;2
1586950810587;1586950808823;19;0;6
1586950811780;1586950808817;19;0;13
1586950811896;1586950808820;18;0;10
1586950811947;1586950808817;18;0;14
1586950813211;1586950808817;19;0;15
1586950814440;1586950808818;19;0;11
1586950821604;1586950821559;19;0;5
1586950821651;1586950821556;17;0;2
1586950821691;1586950821559;19;0;6
1586950822956;1586950821558;19;0;3
1586950823029;1586950821558;19;0;7
1586950823101;1586950821556;19;0;4
1586950823228;1586950821557;19;0;9
1586950823287;1586950821558;19;0;12
1586950823328;1586950821558;19;0;8
1586950823366;1586950821557;19;0;13
1586950824651;1586950821558;19;0;10
1586950824695;1586950821557;19;0;11
1586950825901;1586950821557;19;0;14
1586950827040;1586950821557;19;0;15
1586950834175;1586950834114;19;0;5
1586950834349;1586950834114;19;0;4
1586950834400;1586950834110;17;0;2
1586950834461;1586950834111;19;0;9
1586950834504;1586950834111;18;0;6
1586950834567;1586950834112;19;0;13
1586950835770;1586950834113;19;0;3
1586950835852;1586950834112;19;0;7
1586950835928;1586950834113;19;0;8
1586950836032;1586950834113;19;0;10
1586950836081;1586950834114;19;0;12
1586950837338;1586950834112;19;0;11
1586950838543;1586950834110;19;0;14
1586950841069;1586950834111;19;0;15
1586950846690;1586950846593;19;0;3
1586950846766;1586950846594;19;0;2
1586950846844;1586950846593;19;0;5
1586950846964;1586950846592;19;0;9
1586950847004;1586950846595;18;0;6
1586950847061;1586950846594;19;0;4
1586950847129;1586950846593;19;0;7
1586950847170;1586950846594;19;0;8
1586950847225;1586950846592;19;0;13
1586950848362;1586950846593;19;0;3
1586950848512;1586950846594;19;0;10
1586950848586;1586950846594;19;0;10
1586950848636;1586950846595;19;0;12
1586950849786;1586950846592;19;0;15
1586950851078;1586950846591;19;0;14
1586950852310;1586950846592;19;0;11
1586950860081;1586950859460;18;0;4
1586950860166;1586950859457;18;0;5
1586950860208;1586950859461;17;0;6
1586950861393;1586950859457;18;0;3
1586950861466;1586950859461;18;0;2
1586950861515;1586950859455;18;0;9
1586950861644;1586950859460;18;0;8
1586950861684;1586950859459;18;0;13
1586950861825;1586950859456;18;0;7
1586950864497;1586950859462;18;0;10
1586950864554;1586950859462;18;0;12
1586950871079;1586950859458;18;0;14
1586950872425;1586950859455;18;0;11
1586950873775;1586950873543;19;0;3
1586950873854;1586950873546;18;0;2
1586950873927;1586950873546;19;0;5
1586950874069;1586950873545;19;0;9
1586950874115;1586950859459;18;0;15
1586950874178;1586950873545;19;0;4
1586950874227;1586950873547;17;0;6
1586950874278;1586950873546;19;0;8
1586950874326;1586950873542;19;0;7
1586950875554;1586950873545;19;0;13
1586950875662;1586950873544;19;0;10
1586950875725;1586950873547;18;0;12
1586950876893;1586950873544;19;0;15
1586950878209;1586950873543;19;0;14
1586950879574;1586950873544;19;0;11
1586950887306;1586950887040;19;0;3
1586950887380;1586950887039;19;0;2
1586950887454;1586950887042;19;0;5
1586950887580;1586950887042;19;0;9
1586950887642;1586950887045;19;0;6
1586950887719;1586950887045;19;0;4
1586950887776;1586950887041;19;0;12
1586950887820;1586950887043;19;0;8
1586950887868;1586950887044;19;0;7
1586950889013;1586950887040;19;0;3
1586950889073;1586950887044;19;0;13
1586950889167;1586950887040;19;0;10
1586950890354;1586950887041;19;0;14
1586950891879;1586950887042;19;0;15
1586950893202;1586950887043;19;0;11
1586950900879;1586950900539;19;0;2
1586950900953;1586950900538;19;0;5
1586950901061;1586950900540;19;0;6
1586950901140;1586950900537;19;0;9
1586950901192;1586950900540;19;0;13
1586950901268;1586950900539;19;0;4
1586950901302;1586950900534;19;0;12
1586950901340;1586950900537;19;0;8
1586950901383;1586950900538;19;0;7
1586950902543;1586950900540;18;0;3
1586950902664;1586950900537;19;0;10
1586950903974;1586950900535;19;0;14
1586950905304;1586950900535;19;0;15
1586950906753;1586950900536;19;0;11
1586950914464;1586950914080;19;0;3
1586950914541;1586950914084;19;0;2
1586950914613;1586950914079;19;0;5
1586950914734;1586950914082;19;0;9
1586950914791;1586950914079;19;0;6
1586950914859;1586950914083;19;0;4
1586950914918;1586950914083;19;0;12
1586950914978;1586950914080;19;0;8
1586950915023;1586950914081;19;0;7
1586950916219;1586950914082;19;0;13
1586950916303;1586950914083;19;0;14
1586950917653;1586950914079;19;0;10
1586950917705;1586950914082;19;0;15
1586950919045;1586950914081;19;0;11
1586950928134;1586950927213;18;0;4
1586950928329;1586950927205;17;0;6
1586950928360;1586950927214;17;0;5
1586950929503;1586950927207;18;0;3
1586950929652;1586950927214;18;0;2
1586950929750;1586950927212;18;0;9
1586950929916;1586950927206;17;0;8
1586950929971;1586950927210;17;0;13
1586950931648;1586950927210;18;0;11
1586950931720;1586950927209;18;0;7
1586950933147;1586950927206;18;0;10
1586950934505;1586950927213;17;0;12
1586950936998;1586950927211;18;0;15
1586950938026;1586950927212;17;0;14
1586950941312;1586950940851;19;0;3
1586950941404;1586950940852;15;0;2
1586950941477;1586950940850;19;0;5
1586950941558;1586950940850;19;0;6
1586950941664;1586950940852;19;0;9
1586950941713;1586950940851;19;0;13
1586950941762;1586950940852;18;0;4
1586950941809;1586950940851;19;0;7
1586950941855;1586950940850;19;0;8
1586950942796;1586950940850;19;0;10
1586950942840;1586950940852;19;0;14
1586950943865;1586950940851;18;0;15
1586950946591;1586950940852;18;0;12
1586950948045;1586950940852;18;0;12
1586950950788;1586950940851;19;0;11
1586950954814;1586950954265;19;0;3
1586950954884;1586950954269;18;0;2
1586950954955;1586950954264;19;0;5
1586950955083;1586950954267;18;0;9
1586950955146;1586950954264;15;0;6
1586950955212;1586950954268;19;0;4
1586950955256;1586950954268;19;0;12
1586950955300;1586950954265;19;0;8
1586950955335;1586950954266;19;0;7
1586950956495;1586950954266;19;0;13
1586950956596;1586950954265;19;0;10
1586950956661;1586950954267;19;0;14
1586950959182;1586950954267;19;0;15
1586950960471;1586950954266;19;0;11
1586950967104;1586950966545;19;0;3
1586950967191;1586950966547;19;0;2
1586950967275;1586950966544;19;0;5
1586950967416;1586950966546;19;0;9
1586950967472;1586950966547;19;0;12
1586950967532;1586950966546;19;0;4
1586950967586;1586950966544;13;0;6
1586950967629;1586950966545;19;0;8
1586950967682;1586950966545;18;0;7
1586950968848;1586950966546;19;0;13
1586950968963;1586950966544;19;0;10
1586950969007;1586950966546;19;0;14
1586950970260;1586950966546;19;0;15
1586950971572;1586950966545;19;0;11
1586950980544;1586950979996;18;0;3
1586950980623;1586950979998;19;0;2
1586950980733;1586950979995;19;0;5
1586950980846;1586950979997;19;0;9
1586950980893;1586950979995;15;0;6
1586950980956;1586950979998;18;0;4
1586950980998;1586950979998;19;0;12
1586950981053;1586950979996;19;0;8
1586950981098;1586950979996;19;0;7
1586950982258;1586950979997;19;0;13
1586950982388;1586950979995;19;0;10
1586950982434;1586950979997;19;0;14
1586950982476;1586950979995;19;0;10
1586950983510;1586950979997;19;0;15
1586950984743;1586950979996;19;0;11
1586950986250;1586950979996;19;0;11
1586950993616;1586950992392;18;0;5
1586950994879;1586950992394;18;0;3
1586950994952;1586950992399;18;0;2
1586950995023;1586950992397;18;0;4
1586950995155;1586950992396;18;0;9
1586950995249;1586950992393;18;0;8
1586950995389;1586950992392;16;0;6
1586950996556;1586950992394;17;0;7
1586950996681;1586950992395;17;0;11
1586950996726;1586950992395;18;0;13
1586950998092;1586950992393;16;0;10
1586950999420;1586950992398;18;0;12
1586951002050;1586950992397;18;0;14
1586951004481;1586950992396;18;0;15
1586951007052;1586951006237;19;0;3
1586951007120;1586951006237;19;0;7
1586951007199;1586951006240;19;0;4
1586951007311;1586951006239;19;0;9
1586951007361;1586951006234;19;0;6
1586951007426;1586951006235;18;0;5
1586951007462;1586951006241;17;0;12
1586951007497;1586951006236;19;0;8
1586951007540;1586951006241;14;0;2
1586951008627;1586951006238;19;0;13
1586951008740;1586951006236;19;0;10
1586951008793;1586951006240;19;0;14
1586951008844;1586951006236;19;0;10
1586951010118;1586951006240;19;0;14
1586951011488;1586951006238;19;0;11
1586951012755;1586951006239;19;0;15
1586951020314;1586951019542;19;0;3
1586951020396;1586951019546;17;0;2
1586951020470;1586951019541;19;0;5
1586951020591;1586951019544;19;0;9
1586951020639;1586951019541;16;0;6
1586951020702;1586951019545;19;0;4
1586951020756;1586951019545;19;0;12
1586951020805;1586951019542;19;0;8
1586951020843;1586951019543;19;0;7
1586951022026;1586951019543;19;0;13
1586951022161;1586951019541;19;0;10
1586951022206;1586951019545;19;0;14
1586951023525;1586951019544;19;0;15
1586951024836;1586951019543;18;0;11
1586951034044;1586951033192;18;0;3
1586951034117;1586951033195;19;0;2
1586951034180;1586951033191;19;0;5
1586951034312;1586951033194;19;0;9
1586951034372;1586951033190;17;0;6
1586951034437;1586951033194;19;0;4
1586951034489;1586951033195;19;0;12
1586951034532;1586951033192;19;0;8
1586951035729;1586951033193;18;0;7
1586951035846;1586951033191;19;0;10
1586951035898;1586951033194;19;0;14
1586951035947;1586951033193;19;0;13
1586951037164;1586951033194;19;0;15
1586951039900;1586951033193;19;0;11
1586951047832;1586951046953;19;0;3
1586951047902;1586951046955;18;0;2
1586951047960;1586951046953;19;0;5
1586951048054;1586951046953;19;0;6
1586951048116;1586951046954;19;0;9
1586951048166;1586951046954;18;0;13
1586951048237;1586951046955;19;0;4
1586951048286;1586951046955;17;0;12
1586951048330;1586951046953;18;0;8
1586951048368;1586951046954;19;0;7
1586951049277;1586951046953;19;0;10
1586951049309;1586951046955;19;0;14
1586951050496;1586951046954;17;0;15
1586951051774;1586951046954;19;0;11
1586951061916;1586951060300;18;0;2
1586951061965;1586951060286;17;0;5
1586951063111;1586951060288;17;0;3
1586951063189;1586951060289;17;0;7
1586951063255;1586951060296;18;0;4
1586951063453;1586951060294;17;0;9
1586951063555;1586951060287;18;0;8
1586951064937;1586951060285;17;0;6
1586951065101;1586951060290;17;0;11
1586951065155;1586951060291;18;0;13
1586951066407;1586951060288;17;0;3
1586951066548;1586951060286;18;0;10
1586951069412;1586951060298;18;0;12
1586951071829;1586951060295;18;0;14
1586951072957;1586951060292;18;0;15
1586951075767;1586951074741;19;0;3
1586951075849;1586951074745;16;0;2
1586951075914;1586951074745;19;0;5
1586951076034;1586951074743;19;0;9
1586951076089;1586951074740;19;0;6
1586951076136;1586951074744;19;0;4
1586951076187;1586951074741;19;0;7
1586951076229;1586951074741;19;0;8
1586951076272;1586951074742;19;0;13
1586951077509;1586951074740;18;0;10
1586951077555;1586951074745;19;0;12
1586951078939;1586951074744;19;0;14
1586951080376;1586951074743;19;0;15
1586951081743;1586951074742;19;0;11
1586951089869;1586951088796;18;0;3
1586951089936;1586951088799;18;0;2
1586951089987;1586951088795;19;0;5
1586951090117;1586951088798;19;0;9
1586951090166;1586951088795;18;0;6
1586951090225;1586951088799;19;0;4
1586951090270;1586951088799;19;0;12
1586951090308;1586951088796;18;0;8
1586951090352;1586951088797;18;0;7
1586951091589;1586951088797;19;0;11
1586951091637;1586951088796;19;0;10
1586951091697;1586951088798;19;0;13
1586951093008;1586951088796;18;0;3
1586951093129;1586951088798;19;0;15
1586951094547;1586951088798;18;0;14
1586951104045;1586951102923;19;0;3
1586951104122;1586951102923;19;0;7
1586951104193;1586951102921;19;0;5
1586951104277;1586951102920;16;0;6
1586951104344;1586951102925;19;0;9
1586951104385;1586951102925;19;0;13
1586951104459;1586951102926;19;0;4
1586951104509;1586951102927;19;0;12
1586951104550;1586951102922;19;0;8
1586951104588;1586951102927;18;0;2
1586951105851;1586951102921;18;0;10
1586951105893;1586951102926;19;0;14
1586951107276;1586951102925;19;0;15
1586951108585;1586951102924;19;0;11
1586951117915;1586951116779;19;0;3
1586951117998;1586951116782;18;0;2
1586951118067;1586951116781;19;0;4
1586951118192;1586951116780;19;0;9
1586951118240;1586951116777;17;0;6
1586951118286;1586951116777;18;0;5
1586951118323;1586951116779;19;0;7
1586951118355;1586951116778;19;0;8
1586951118396;1586951116780;19;0;13
1586951119727;1586951116778;19;0;10
1586951119816;1586951116778;19;0;10
1586951119887;1586951116782;19;0;12
1586951121188;1586951116780;18;0;15
1586951123946;1586951116779;19;0;11
1586951125218;1586951116781;18;0;14
1586951132391;1586951130662;18;0;9
1586951132491;1586951130652;18;0;5
1586951133750;1586951130665;18;0;2
1586951133819;1586951130663;17;0;4
1586951133979;1586951130654;17;0;8
1586951134017;1586951130660;18;0;13
1586951134172;1586951130650;17;0;6
1586951135408;1586951130657;18;0;7
1586951135580;1586951130659;18;0;11
1586951137040;1586951130663;17;0;14
1586951137084;1586951130653;18;0;10
1586951138500;1586951130655;17;0;3
1586951139993;1586951130664;17;0;12
1586951144089;1586951130661;17;0;15
1586951146873;1586951145522;18;0;3
1586951146971;1586951145527;17;0;2
1586951147053;1586951145526;19;0;4
1586951147140;1586951145520;17;0;6
1586951147203;1586951145525;18;0;9
1586951147251;1586951145524;18;0;13
1586951147328;1586951145522;18;0;8
1586951147373;1586951145527;18;0;12
1586951147410;1586951145520;17;0;5
1586951147446;1586951145525;19;0;7
1586951148780;1586951145521;19;0;10
1586951148820;1586951145527;18;0;12
1586951150183;1586951145526;19;0;14
1586951154434;1586951145524;18;0;15
1586951155851;1586951145523;19;0;11
1586951160158;1586951160130;18;0;2
1586951160217;1586951160125;19;0;5
1586951160262;1586951160124;19;0;6
1586951161508;1586951160127;19;0;3
1586951161595;1586951160127;19;0;7
1586951161663;1586951160129;19;0;4
1586951161781;1586951160128;19;0;9
1586951161833;1586951160125;19;0;13
1586951161901;1586951160126;19;0;8
1586951163178;1586951160129;19;0;12
1586951163228;1586951160126;19;0;10
1586951163295;1586951160126;19;0;10
1586951166018;1586951160128;19;0;15
1586951167401;1586951160128;19;0;14
1586951168782;1586951160127;19;0;11
1586951173937;1586951173863;18;0;2
1586951174021;1586951173857;18;0;5
1586951174077;1586951173862;18;0;6
1586951174133;1586951173863;19;0;4
1586951174176;1586951173860;19;0;13
1586951174216;1586951173863;19;0;4
1586951175272;1586951173859;19;0;3
1586951175335;1586951173859;19;0;7
1586951175424;1586951173858;19;0;8
1586951175564;1586951173861;19;0;9
1586951175668;1586951173858;19;0;12
1586951175708;1586951173858;19;0;10
1586951176939;1586951173860;19;0;11
1586951179624;1586951173861;19;0;15
1586951180983;1586951173862;19;0;14
1586951187817;1586951187741;19;0;3
1586951187899;1586951187739;19;0;2
1586951187973;1586951187741;19;0;5
1586951188126;1586951187742;19;0;9
1586951188190;1586951187740;19;0;6
1586951188238;1586951187740;19;0;4
1586951188295;1586951187742;19;0;7
1586951188342;1586951187739;19;0;8
1586951188389;1586951187743;19;0;13
1586951189748;1586951187738;19;0;10
1586951189793;1586951187738;19;0;12
1586951195165;1586951187737;19;0;14
1586951196501;1586951187743;19;0;15
1586951197854;1586951187742;19;0;11
1586951202343;1586951201616;18;0;5
1586951202385;1586951201610;18;0;2
1586951203744;1586951201615;18;0;3
1586951203810;1586951201617;18;0;7
1586951203864;1586951201612;18;0;4
1586951203950;1586951201618;18;0;9
1586951204076;1586951201611;18;0;8
1586951204226;1586951201605;17;0;6
1586951205361;1586951201620;18;0;13
1586951205607;1586951201619;18;0;11
1586951206962;1586951201608;18;0;10
1586951211131;1586951201607;17;0;12
1586951212430;1586951201614;18;0;14
1586951213696;1586951201613;18;0;15
1586951216296;1586951216119;19;0;3
1586951216361;1586951216117;16;0;2
1586951216419;1586951216119;18;0;5
1586951216528;1586951216120;19;0;9
1586951216582;1586951216117;16;0;6
1586951216627;1586951216117;19;0;4
1586951216670;1586951216120;19;0;7
1586951216713;1586951216117;19;0;8
1586951216770;1586951216119;19;0;13
1586951218172;1586951216118;19;0;10
1586951218244;1586951216118;19;0;10
1586951218285;1586951216118;19;0;12
1586951219512;1586951216118;19;0;15
1586951220928;1586951216118;19;0;14
1586951222393;1586951216118;19;0;14
1586951223730;1586951216119;19;0;11
1586951230514;1586951230250;19;0;3
1586951230606;1586951230250;16;0;2
1586951230684;1586951230251;19;0;5
1586951230806;1586951230249;19;0;9
1586951230861;1586951230247;13;0;6
1586951230919;1586951230245;19;0;4
1586951231005;1586951230249;19;0;8
1586951231050;1586951230247;19;0;7
1586951232334;1586951230246;19;0;13
1586951232430;1586951230245;19;0;10
1586951233706;1586951230247;19;0;14
1586951234643;1586951230248;18;0;12
1586951235913;1586951230246;19;0;15
1586951241297;1586951230248;19;0;11
1586951242671;1586951242340;19;0;3
1586951242754;1586951242340;19;0;2
1586951242830;1586951242342;19;0;5
1586951242935;1586951242342;19;0;9
1586951242997;1586951242340;8;0;6
1586951243063;1586951242342;19;0;4
1586951243105;1586951242341;19;0;12
1586951243147;1586951242343;19;0;8
1586951243198;1586951242342;19;0;7
1586951244402;1586951242341;19;0;13
1586951244503;1586951242340;19;0;10
1586951244556;1586951242341;19;0;14
1586951248650;1586951242341;19;0;15
1586951248724;1586951242341;19;0;11
1586951250057;1586951242341;19;0;11
1586951250127;1586951242341;19;0;11
1586951251440;1586951242341;19;0;11
1586951256515;1586951256112;19;0;3
1586951256599;1586951256108;11;0;2
1586951256671;1586951256113;19;0;5
1586951256790;1586951256109;19;0;9
1586951256860;1586951256113;14;0;6
1586951256935;1586951256109;19;0;4
1586951256976;1586951256108;18;0;12
1586951257014;1586951256112;19;0;8
1586951257062;1586951256111;19;0;7
1586951258275;1586951256110;19;0;13
1586951258359;1586951256112;18;0;10
1586951258403;1586951256111;19;0;11
1586951259750;1586951256110;19;0;15
1586951261051;1586951256109;18;0;14
1586951270894;1586951269862;18;0;5
1586951272186;1586951269860;18;0;3
1586951272434;1586951269856;17;0;9
1586951272542;1586951269854;17;0;4
1586951272635;1586951269860;17;0;8
1586951273993;1586951269852;7;0;2
1586951274092;1586951269858;18;0;11
1586951274309;1586951269862;17;0;6
1586951275550;1586951269859;18;0;7
1586951277076;1586951269861;18;0;10
1586951277117;1586951269853;17;0;12
1586951279929;1586951269855;18;0;14
1586951281354;1586951269857;18;0;15
1586951285374;1586951284797;19;0;3
1586951285460;1586951284796;19;0;7
1586951285533;1586951284799;19;0;5
1586951285653;1586951284794;19;0;9
1586951285709;1586951284799;14;0;6
1586951285779;1586951284793;19;0;4
1586951285825;1586951284793;19;0;12
1586951285871;1586951284798;19;0;8
1586951285912;1586951284792;5;0;2
1586951287084;1586951284795;17;0;13
1586951287171;1586951284798;18;0;10
1586951288599;1586951284794;19;0;14
1586951289993;1586951284795;19;0;15
1586951291386;1586951284796;19;0;11
1586951299188;1586951298688;19;0;3
1586951299283;1586951298688;19;0;7
1586951299346;1586951298689;19;0;5
1586951299458;1586951298687;19;0;9
1586951299517;1586951298689;17;0;6
1586951299586;1586951298687;18;0;4
1586951299625;1586951298687;19;0;12
1586951299683;1586951298688;19;0;8
1586951299728;1586951298686;9;0;2
1586951300925;1586951298688;19;0;13
1586951301001;1586951298689;19;0;10
1586951301046;1586951298687;19;0;12
1586951303691;1586951298688;19;0;11
1586951305155;1586951298687;19;0;15
1586951307870;1586951298687;18;0;14
1586951312954;1586951312373;18;0;3
1586951313039;1586951312373;19;0;7
1586951313116;1586951312370;19;0;4
1586951313209;1586951312369;11;0;2
1586951313313;1586951312370;19;0;12
1586951313418;1586951312376;17;0;6
1586951313468;1586951312375;18;0;5
1586951313512;1586951312372;19;0;13
1586951313555;1586951312374;19;0;8
1586951314707;1586951312373;18;0;3
1586951314874;1586951312372;18;0;11
1586951316329;1586951312371;18;0;9
1586951317750;1586951312375;19;0;10
1586951319079;1586951312371;19;0;15
1586951320480;1586951312371;19;0;15
1586951323312;1586951312371;19;0;15
1586951323386;1586951312371;18;0;14
1586951327371;1586951326704;19;0;3
1586951327448;1586951326700;11;0;2
1586951327518;1586951326705;19;0;5
1586951327639;1586951326702;19;0;9
1586951327687;1586951326705;15;0;6
1586951327751;1586951326701;19;0;4
1586951327798;1586951326701;18;0;12
1586951327865;1586951326704;19;0;8
1586951327911;1586951326703;19;0;13
1586951329078;1586951326703;17;0;7
1586951329210;1586951326704;19;0;10
1586951329251;1586951326702;19;0;14
1586951330709;1586951326702;19;0;15
1586951332100;1586951326701;18;0;12
1586951333438;1586951326703;19;0;11
1586951342005;1586951340772;18;0;4
1586951342153;1586951340784;12;0;6
1586951342207;1586951340783;17;0;5
1586951343288;1586951340782;17;0;3
1586951343366;1586951340769;14;0;2
1586951343553;1586951340775;17;0;9
1586951343650;1586951340782;18;0;8
1586951345430;1586951340779;18;0;11
1586951345488;1586951340781;18;0;7
1586951346767;1586951340777;18;0;13
1586951346885;1586951340783;17;0;10
1586951349723;1586951340770;17;0;12
1586951351134;1586951340776;18;0;15
1586951353759;1586951340773;15;0;14
1586951356533;1586951355734;19;0;3
1586951356620;1586951355731;13;0;2
1586951356687;1586951355732;18;0;4
1586951356797;1586951355732;19;0;9
1586951356863;1586951355736;13;0;6
1586951356933;1586951355736;18;0;5
1586951357001;1586951355731;19;0;12
1586951357056;1586951355734;19;0;8
1586951357109;1586951355734;18;0;7
1586951358364;1586951355735;19;0;13
1586951358491;1586951355735;19;0;10
1586951358546;1586951355732;19;0;14
1586951359874;1586951355733;19;0;15
1586951361226;1586951355733;19;0;11
1586951362705;1586951355733;19;0;11
1586951370779;1586951369888;19;0;3
1586951370864;1586951369884;15;0;2
1586951370934;1586951369885;19;0;4
1586951371071;1586951369886;19;0;9
1586951371128;1586951369885;19;0;12
1586951371201;1586951369889;18;0;5
1586951371251;1586951369889;14;0;6
1586951371296;1586951369888;18;0;8
1586951371342;1586951369888;19;0;7
1586951372546;1586951369887;19;0;13
1586951372618;1586951369885;19;0;14
1586951372675;1586951369889;18;0;10
1586951374049;1586951369886;19;0;15
1586951375454;1586951369887;18;0;11
1586951384839;1586951383930;19;0;3
1586951384909;1586951383930;18;0;7
1586951384972;1586951383932;19;0;5
1586951385099;1586951383931;19;0;9
1586951385168;1586951383927;19;0;12
1586951385241;1586951383931;19;0;4
1586951385296;1586951383932;14;0;6
1586951385334;1586951383930;19;0;8
1586951385369;1586951383927;18;0;2
1586951386610;1586951383929;19;0;13
1586951386742;1586951383928;18;0;10
1586951386789;1586951383928;19;0;14
1586951389625;1586951383929;19;0;11
1586951390974;1586951383929;18;0;15
1586951392302;1586951383929;18;0;15
1586951399116;1586951398204;19;0;3
1586951399217;1586951398200;18;0;2
1586951399281;1586951398201;19;0;4
1586951399390;1586951398202;19;0;9
1586951399440;1586951398206;17;0;6
1586951399498;1586951398206;18;0;5
1586951399554;1586951398200;19;0;12
1586951399597;1586951398204;19;0;8
1586951399633;1586951398203;18;0;7
1586951400755;1586951398205;19;0;13
1586951400878;1586951398205;19;0;10
1586951400964;1586951398205;19;0;10
1586951401004;1586951398203;19;0;11
1586951402274;1586951398202;18;0;15
1586951403679;1586951398201;18;0;14
1586951413787;1586951412287;18;0;5
1586951414955;1586951412285;18;0;3
1586951415054;1586951412278;18;0;2
1586951415125;1586951412281;18;0;9
1586951415270;1586951412279;17;0;4
1586951415383;1586951412286;17;0;8
1586951415523;1586951412288;18;0;6
1586951416832;1586951412284;18;0;7
1586951416987;1586951412284;18;0;11
1586951417071;1586951412283;18;0;13
1586951418456;1586951412286;17;0;10
1586951419862;1586951412279;18;0;12
1586951421344;1586951412279;18;0;12
1586951422682;1586951412280;18;0;14
1586951424063;1586951412282;18;0;15
1586951428234;1586951427181;18;0;3
1586951428314;1586951427181;19;0;7
1586951428381;1586951427182;19;0;5
1586951428490;1586951427180;19;0;9
1586951428557;1586951427182;16;0;6
1586951428639;1586951427180;19;0;4
1586951428676;1586951427179;17;0;12
1586951428746;1586951427179;16;0;2
1586951428798;1586951427181;19;0;8
1586951429968;1586951427180;19;0;13
1586951430078;1586951427181;19;0;10
1586951430122;1586951427181;18;0;11
1586951431549;1586951427180;19;0;15
1586951432922;1586951427180;18;0;14
1586951442628;1586951441555;19;0;3
1586951442714;1586951441552;18;0;2
1586951442775;1586951441552;19;0;4
1586951442890;1586951441553;19;0;9
1586951442939;1586951441557;12;0;6
1586951442995;1586951441556;18;0;5
1586951443046;1586951441552;19;0;12
1586951443083;1586951441556;19;0;8
1586951443120;1586951441555;19;0;7
1586951444311;1586951441554;18;0;13
1586951444396;1586951441554;19;0;11
1586951444450;1586951441556;19;0;10
1586951445898;1586951441554;19;0;15
1586951447358;1586951441553;18;0;14
1586951456788;1586951455733;18;0;3
1586951456880;1586951455729;17;0;2
1586951456938;1586951455735;19;0;5
1586951457043;1586951455731;19;0;9
1586951457090;1586951455735;18;0;6
1586951457140;1586951455730;19;0;4
1586951457189;1586951455730;19;0;12
1586951457227;1586951455734;19;0;8
1586951457267;1586951455733;18;0;7
1586951458427;1586951455732;18;0;13
1586951458526;1586951455734;18;0;10
1586951458576;1586951455731;19;0;14
1586951460016;1586951455732;19;0;15
1586951461386;1586951455733;19;0;11
1586951470703;1586951469566;19;0;3
1586951470787;1586951469564;19;0;2
1586951470846;1586951469567;19;0;5
1586951470935;1586951469565;19;0;9
1586951470990;1586951469564;19;0;12
1586951471064;1586951469564;18;0;4
1586951471111;1586951469567;11;0;6
1586951471155;1586951469566;19;0;8
1586951471197;1586951469566;19;0;7
1586951472422;1586951469565;19;0;13
1586951472558;1586951469567;19;0;10
1586951472645;1586951469567;19;0;10
1586951472688;1586951469565;19;0;14
1586951474011;1586951469565;19;0;15
1586951475522;1586951469566;19;0;11
1586951485312;1586951483613;14;0;6
1586951485390;1586951483613;18;0;5
1586951485440;1586951483604;18;0;2
1586951486449;1586951483611;18;0;3
1586951486511;1586951483611;18;0;7
1586951486700;1586951483606;18;0;4
1586951486798;1586951483608;17;0;9
1586951486849;1586951483610;18;0;13
1586951486899;1586951483612;18;0;8
1586951488428;1586951483610;18;0;11
1586951491354;1586951483612;18;0;10
1586951491432;1586951483605;18;0;12
1586951497076;1586951483608;18;0;15
1586951498551;1586951483607;17;0;14
1586951499923;1586951498698;19;0;3
1586951500007;1586951498694;14;0;2
1586951500072;1586951498700;19;0;5
1586951500173;1586951498696;19;0;9
1586951500231;1586951498700;15;0;6
1586951500293;1586951498695;18;0;4
1586951500341;1586951498695;19;0;12
1586951500442;1586951498698;19;0;7
1586951500483;1586951498699;19;0;8
1586951501601;1586951498698;19;0;3
1586951501657;1586951498697;19;0;13
1586951501795;1586951498699;19;0;10
1586951501841;1586951498695;19;0;12
1586951503126;1586951498695;19;0;14
1586951505931;1586951498696;19;0;15
1586951507286;1586951498697;19;0;11
1586951512765;1586951512727;18;0;5
1586951512806;1586951512724;18;0;2
1586951514066;1586951512727;19;0;3
1586951514144;1586951512726;19;0;7
1586951514208;1586951512724;19;0;4
1586951514318;1586951512725;19;0;9
1586951514365;1586951512724;19;0;12
1586951514417;1586951512727;18;0;8
1586951514481;1586951512728;15;0;6
1586951514533;1586951512726;19;0;13
1586951515801;1586951512727;19;0;10
1586951515850;1586951512724;19;0;14
1586951517234;1586951512725;18;0;15
1586951518617;1586951512726;19;0;11
1586951526707;1586951526667;19;0;5
1586951526792;1586951526662;19;0;4
1586951526852;1586951526663;18;0;2
1586951526899;1586951526668;16;0;6
1586951528102;1586951526666;19;0;3
1586951528189;1586951526665;19;0;7
1586951528272;1586951526666;19;0;8
1586951528387;1586951526664;19;0;9
1586951528482;1586951526667;19;0;10
1586951528520;1586951526668;19;0;12
1586951528575;1586951526665;19;0;13
1586951529714;1586951526665;19;0;11
1586951532309;1586951526663;19;0;14
1586951534981;1586951526664;19;0;15
1586951540386;1586951540300;19;0;3
1586951540494;1586951540302;17;0;2
1586951540576;1586951540300;19;0;5
1586951540677;1586951540299;19;0;9
1586951540726;1586951540301;12;0;6
1586951540792;1586951540301;19;0;4
1586951540849;1586951540299;19;0;7
1586951540908;1586951540298;19;0;13
1586951542225;1586951540302;18;0;8
1586951542297;1586951540303;19;0;10
1586951542346;1586951540303;19;0;12
1586951543712;1586951540303;19;0;14
1586951545072;1586951540298;19;0;15
1586951546430;1586951540299;19;0;11
1586951547819;1586951540299;19;0;11
1586951555071;1586951554359;18;0;5
1586951555117;1586951554365;18;0;2
1586951556265;1586951554360;18;0;3
1586951556352;1586951554359;18;0;7
1586951556414;1586951554363;18;0;4
1586951556577;1586951554358;18;0;9
1586951556649;1586951554364;18;0;8
1586951556761;1586951554367;14;0;6
1586951557903;1586951554360;18;0;3
1586951558044;1586951554356;18;0;11
1586951558156;1586951554355;18;0;13
1586951559654;1586951554365;18;0;10
1586951561002;1586951554369;18;0;12
1586951567478;1586951554368;18;0;14
1586951568873;1586951568692;19;0;3
1586951568950;1586951568696;18;0;2
1586951569022;1586951568692;18;0;5
1586951569131;1586951568691;19;0;9
1586951569249;1586951568694;19;0;4
1586951569312;1586951568695;17;0;6
1586951569354;1586951568695;19;0;8
1586951569391;1586951568691;19;0;7
1586951570530;1586951568693;19;0;13
1586951570670;1586951568696;19;0;10
1586951570760;1586951568696;19;0;10
1586951570806;1586951568694;16;0;12
1586951571994;1586951568692;19;0;11
1586951577209;1586951568692;19;0;15
1586951578569;1586951568693;18;0;14
1586951581144;1586951554362;18;0;15
1586951582660;1586951582333;19;0;3
1586951582737;1586951582337;19;0;2
1586951582793;1586951582333;19;0;5
1586951582902;1586951582335;19;0;9
1586951583018;1586951582336;18;0;4
1586951583077;1586951582337;15;0;6
1586951583120;1586951582336;19;0;8
1586951583164;1586951582335;19;0;7
1586951584505;1586951582333;19;0;13
1586951584583;1586951582334;19;0;10
1586951584649;1586951582336;19;0;12
1586951585932;1586951582334;19;0;15
1586951587370;1586951582335;19;0;14
1586951588693;1586951582334;19;0;11
1586951596728;1586951596367;19;0;3
1586951596798;1586951596368;19;0;2
1586951596856;1586951596368;19;0;5
1586951596972;1586951596364;19;0;9
1586951597029;1586951596366;17;0;6
1586951597092;1586951596367;19;0;4
1586951597139;1586951596365;19;0;12
1586951597189;1586951596364;19;0;8
1586951597229;1586951596367;19;0;7
1586951598501;1586951596368;19;0;13
1586951598583;1586951596366;19;0;14
1586951598618;1586951596364;19;0;10
1586951599929;1586951596365;19;0;15
1586951601254;1586951596365;19;0;11
1586951610767;1586951610356;18;0;3
1586951610851;1586951610358;19;0;2
1586951610929;1586951610355;19;0;5
1586951611036;1586951610357;19;0;9
1586951611083;1586951610354;14;0;6
1586951611155;1586951610358;19;0;4
1586951611197;1586951610358;18;0;12
1586951611230;1586951610355;19;0;8
1586951612558;1586951610356;19;0;7
1586951612633;1586951610355;19;0;10
1586951612677;1586951610358;19;0;14
1586951612752;1586951610357;19;0;13
1586951612807;1586951610357;19;0;15
1586951614102;1586951610356;17;0;11
1586951625243;1586951624355;18;0;9
1586951625322;1586951624344;18;0;5
1586951625375;1586951624343;14;0;6
1586951626465;1586951624349;18;0;3
1586951626538;1586951624359;18;0;2
1586951626590;1586951624357;17;0;4
1586951626699;1586951624347;18;0;8
1586951626767;1586951624353;18;0;13
1586951628374;1586951624351;18;0;11
1586951628419;1586951624351;18;0;11
1586951628483;1586951624350;18;0;7
1586951629904;1586951624346;18;0;10
1586951631342;1586951624358;18;0;12
1586951631410;1586951624356;18;0;14
1586951632895;1586951624354;18;0;15
1586951639715;1586951639160;19;0;3
1586951639804;1586951639163;15;0;2
1586951639879;1586951639158;19;0;5
1586951639995;1586951639161;19;0;9
1586951640044;1586951639158;18;0;6
1586951640110;1586951639162;19;0;4
1586951640169;1586951639163;19;0;12
1586951640210;1586951639159;19;0;8
1586951640248;1586951639160;19;0;7
1586951641469;1586951639161;19;0;13
1586951641609;1586951639159;19;0;10
1586951641663;1586951639160;18;0;11
1586951641714;1586951639160;18;0;11
1586951642784;1586951639161;19;0;15
1586951642843;1586951639162;18;0;14
1586951652602;1586951652057;19;0;3
1586951652683;1586951652061;19;0;2
1586951652762;1586951652056;19;0;5
1586951652865;1586951652060;19;0;9
1586951652914;1586951652055;16;0;6
1586951652974;1586951652060;19;0;4
1586951653025;1586951652061;19;0;12
1586951653073;1586951652057;19;0;8
1586951653115;1586951652058;18;0;7
1586951654353;1586951652057;19;0;3
1586951654403;1586951652059;18;0;13
1586951654535;1586951652056;19;0;10
1586951654581;1586951652058;18;0;11
1586951654645;1586951652059;18;0;15
1586951655850;1586951652060;18;0;14
1586951666563;1586951665919;18;0;3
1586951666654;1586951665921;19;0;2
1586951666717;1586951665917;19;0;5
1586951666830;1586951665920;18;0;9
1586951666870;1586951665917;19;0;6
1586951666932;1586951665921;18;0;4
1586951666996;1586951665921;19;0;12
1586951667031;1586951665918;19;0;8
1586951667083;1586951665919;18;0;7
1586951668216;1586951665920;19;0;13
1586951668324;1586951665918;19;0;10
1586951668382;1586951665919;19;0;11
1586951668436;1586951665920;19;0;15
1586951669636;1586951665921;18;0;14
1586951680348;1586951679636;19;0;7
1586951680406;1586951679634;19;0;5
1586951680471;1586951679633;19;0;6
1586951680523;1586951679638;19;0;9
1586951680577;1586951679637;19;0;13
1586951680644;1586951679639;19;0;4
1586951680699;1586951679639;19;0;12
1586951680743;1586951679635;19;0;8
1586951680797;1586951679640;18;0;2
1586951682113;1586951679635;19;0;10
1586951682202;1586951679635;19;0;10
1586951682235;1586951679639;19;0;14
1586951683490;1586951679636;18;0;3
1586951683580;1586951679638;19;0;15
1586951684907;1586951679637;18;0;11
1586951694628;1586951693429;18;0;5
1586951695751;1586951693431;18;0;3
1586951695810;1586951693441;17;0;2
1586951695868;1586951693439;18;0;4
1586951695976;1586951693437;18;0;9
1586951696207;1586951693428;18;0;6
1586951697297;1586951693432;18;0;7
1586951697343;1586951693431;18;0;8
1586951697468;1586951693433;18;0;11
1586951697527;1586951693434;18;0;13
1586951698475;1586951693430;18;0;10
1586951700266;1586951693435;17;0;15
1586951701397;1586951693438;18;0;14
1586951704029;1586951693440;16;0;12
1586951706388;1586951705629;19;0;3
1586951706471;1586951705632;18;0;2
1586951706538;1586951705632;18;0;4
1586951706651;1586951705631;18;0;9
1586951706699;1586951705627;17;0;6
1586951706746;1586951705628;18;0;5
1586951706793;1586951705632;17;0;12
1586951706833;1586951705629;18;0;8
1586951706872;1586951705629;19;0;7
1586951707995;1586951705630;19;0;13
1586951708065;1586951705631;19;0;14
1586951708109;1586951705628;18;0;10
1586951709429;1586951705630;19;0;15
1586951710763;1586951705630;19;0;11
1586951712094;1586951705630;19;0;11
1586951714732;1586951705630;19;0;11
1586951720187;1586951719343;19;0;3
1586951720268;1586951719345;19;0;2
1586951720363;1586951719345;19;0;4
1586951720464;1586951719344;19;0;9
1586951720518;1586951719343;18;0;6
1586951720596;1586951719343;18;0;5
1586951720657;1586951719345;19;0;12
1586951720697;1586951719343;18;0;8
1586951720740;1586951719343;19;0;7
1586951721891;1586951719344;19;0;13
1586951721989;1586951719343;19;0;10
1586951724521;1586951719344;19;0;11
1586951725925;1586951719344;19;0;15
1586951727279;1586951719345;18;0;14
1586951733964;1586951733149;19;0;3
1586951734047;1586951733153;19;0;2
1586951734119;1586951733148;19;0;5
1586951734245;1586951733151;18;0;9
1586951734289;1586951733147;19;0;6
1586951734352;1586951733152;19;0;4
1586951734432;1586951733153;17;0;12
1586951734496;1586951733149;18;0;8
1586951734538;1586951733149;19;0;7
1586951735566;1586951733150;19;0;13
1586951735657;1586951733148;19;0;10
1586951735706;1586951733150;18;0;11
1586951737149;1586951733153;17;0;12
1586951738508;1586951733151;19;0;15
1586951739919;1586951733152;18;0;14
1586951748025;1586951747098;19;0;3
1586951748100;1586951747102;18;0;2
1586951748156;1586951747097;19;0;5
1586951748257;1586951747100;19;0;9
1586951748306;1586951747097;19;0;6
1586951748376;1586951747101;18;0;4
1586951748441;1586951747101;18;0;12
1586951748493;1586951747098;19;0;8
1586951748539;1586951747099;19;0;7
1586951749804;1586951747099;19;0;13
1586951749916;1586951747097;19;0;10
1586951749971;1586951747100;19;0;14
1586951751334;1586951747100;19;0;15
1586951752721;1586951747099;19;0;11
1586951762289;1586951760812;18;0;5
1586951763344;1586951760815;18;0;3
1586951763417;1586951760817;18;0;7
1586951763473;1586951760821;18;0;9
1586951763598;1586951760823;17;0;4
1586951763708;1586951760814;17;0;8
1586951763760;1586951760826;16;0;2
1586951765117;1586951760811;18;0;6
1586951765186;1586951760818;17;0;11
1586951765283;1586951760819;18;0;13
1586951766770;1586951760813;18;0;10
1586951766845;1586951760813;18;0;10
1586951768235;1586951760824;17;0;12
1586951769628;1586951760822;18;0;14
1586951771081;1586951760821;18;0;15
1586951776377;1586951775356;18;0;3
1586951776451;1586951775360;12;0;2
1586951776514;1586951775354;19;0;5
1586951776671;1586951775358;19;0;9
1586951776715;1586951775354;17;0;6
1586951776781;1586951775359;19;0;4
1586951776842;1586951775360;19;0;12
1586951776891;1586951775355;19;0;8
1586951776938;1586951775356;19;0;7
1586951778119;1586951775357;19;0;13
1586951778201;1586951775355;19;0;10
1586951778249;1586951775359;19;0;14
1586951779607;1586951775358;18;0;15
1586951781009;1586951775357;19;0;11
1586951790262;1586951789274;18;0;3
1586951790335;1586951789277;15;0;2
1586951790395;1586951789276;19;0;4
1586951790510;1586951789275;19;0;9
1586951790556;1586951789272;17;0;6
1586951790664;1586951789272;18;0;5
1586951790728;1586951789277;19;0;12
1586951790771;1586951789273;19;0;8
1586951790815;1586951789276;19;0;7
1586951791996;1586951789275;19;0;13
1586951792137;1586951789273;19;0;10
1586951792191;1586951789274;19;0;11
1586951793556;1586951789275;19;0;15
1586951794970;1586951789276;17;0;14
1586951804475;1586951803394;19;0;3
1586951804565;1586951803395;14;0;2
1586951804632;1586951803393;19;0;5
1586951804772;1586951803395;18;0;9
1586951804823;1586951803393;17;0;6
1586951804891;1586951803395;19;0;4
1586951804945;1586951803395;18;0;12
1586951804989;1586951803393;19;0;8
1586951805033;1586951803394;19;0;7
1586951806245;1586951803394;19;0;13
1586951806340;1586951803393;19;0;10
1586951806389;1586951803395;19;0;14
1586951807711;1586951803394;19;0;15
1586951809240;1586951803394;19;0;11
1586951818645;1586951817587;19;0;3
1586951818746;1586951817591;13;0;2
1586951818816;1586951817590;19;0;4
1586951818943;1586951817589;19;0;9
1586951818990;1586951817585;19;0;6
1586951819055;1586951817585;18;0;5
1586951819103;1586951817590;19;0;12
1586951819145;1586951817586;19;0;8
1586951819186;1586951817587;19;0;7
1586951820394;1586951817588;19;0;13
1586951820501;1586951817586;19;0;10
1586951821890;1586951817589;19;0;14
1586951823142;1586951817588;19;0;11
1586951826059;1586951817588;18;0;15
1586951833300;1586951831683;18;0;4
1586951833400;1586951831674;18;0;5
1586951833450;1586951831673;14;0;6
1586951834509;1586951831676;18;0;3
1586951834581;1586951831679;18;0;7
1586951834800;1586951831682;18;0;9
1586951834902;1586951831675;18;0;8
1586951834954;1586951831684;11;0;2
1586951836482;1586951831680;18;0;11
1586951836606;1586951831680;18;0;13
1586951839451;1586951831683;18;0;12
1586951839507;1586951831675;18;0;10
1586951842356;1586951831682;18;0;14
1586951843771;1586951831681;18;0;15
1586951847912;1586951846647;19;0;3
1586951847981;1586951846651;8;0;2
1586951848064;1586951846646;19;0;5
1586951848176;1586951846649;19;0;9
1586951848214;1586951846651;18;0;12
1586951848285;1586951846650;19;0;4
1586951848337;1586951846645;16;0;6
1586951848382;1586951846647;19;0;8
1586951848424;1586951846648;19;0;7
1586951849516;1586951846647;19;0;3
1586951849587;1586951846648;19;0;13
1586951849720;1586951846646;19;0;10
1586951849798;1586951846646;19;0;10
1586951849846;1586951846650;19;0;14
1586951851215;1586951846649;19;0;15
1586951852694;1586951846648;19;0;11
1586951860545;1586951860518;10;0;2
1586951860588;1586951860516;19;0;5
1586951861876;1586951860516;19;0;3
1586951861961;1586951860516;19;0;6
1586951862034;1586951860518;19;0;4
1586951862116;1586951860517;18;0;7
1586951862169;1586951860517;19;0;9
1586951862227;1586951860517;19;0;13
1586951862280;1586951860516;18;0;8
1586951863495;1586951860516;19;0;10
1586951863545;1586951860518;19;0;12
1586951864920;1586951860518;19;0;12
1586951866330;1586951860518;19;0;12
1586951867750;1586951860518;19;0;14
1586951869114;1586951860517;18;0;11
1586951871784;1586951860517;19;0;15
1586951874704;1586951874610;19;0;5
1586951874753;1586951874616;9;0;2
1586951874794;1586951874615;19;0;4
1586951874848;1586951874608;18;0;6
1586951876110;1586951874611;19;0;3
1586951876216;1586951874612;19;0;7
1586951876294;1586951874611;19;0;8
1586951876416;1586951874614;19;0;9
1586951876512;1586951874610;19;0;10
1586951876565;1586951874609;19;0;12
1586951876623;1586951874613;19;0;13
1586951877894;1586951874612;19;0;11
1586951879298;1586951874615;19;0;14
1586951880734;1586951874613;19;0;15
1586951888646;1586951888579;8;0;2
1586951888707;1586951888580;19;0;5
1586951888821;1586951888575;19;0;4
1586951888893;1586951888579;18;0;6
1586951888932;1586951888578;19;0;9
1586951888980;1586951888577;19;0;13
1586951889024;1586951888575;19;0;8
1586951890222;1586951888576;19;0;3
1586951890293;1586951888576;19;0;7
1586951890379;1586951888574;19;0;12
1586951890427;1586951888574;19;0;10
1586951893157;1586951888577;19;0;11
1586951894588;1586951888577;19;0;11
1586951895966;1586951888580;19;0;14
1586951897339;1586951888578;19;0;15
1586951903323;1586951902651;18;0;5
1586951903369;1586951902657;6;0;2
1586951904635;1586951902656;18;0;3
1586951904713;1586951902658;18;0;7
1586951904784;1586951902655;18;0;4
1586951904888;1586951902659;18;0;9
1586951905077;1586951902660;18;0;13
1586951905120;1586951902653;18;0;8
1586951906474;1586951902659;18;0;11
1586951909408;1586951902650;18;0;10
1586951912295;1586951902648;18;0;12
1586951917578;1586951917414;19;0;3
1586951917653;1586951917416;5;0;2
1586951917707;1586951917415;19;0;5
1586951917817;1586951917416;19;0;9
1586951917859;1586951917412;13;0;6
1586951917921;1586951917416;19;0;4
1586951918004;1586951917411;19;0;8
1586951919054;1586951917411;19;0;10
1586951919090;1586951917412;16;0;12
1586951921755;1586951917413;19;0;15
1586951925940;1586951902646;18;0;14
1586951928723;1586951917417;19;0;11
1586951931384;1586951931129;19;0;3
1586951931470;1586951931130;5;0;2
1586951931556;1586951931129;19;0;5
1586951931627;1586951931126;17;0;6
1586951931674;1586951931128;19;0;9
1586951931734;1586951931128;19;0;13
1586951931788;1586951931127;19;0;4
1586951931848;1586951931127;19;0;8
1586951933226;1586951931127;19;0;10
1586951933267;1586951931129;19;0;12
1586951935909;1586951931128;19;0;11
1586951938536;1586951931129;18;0;14
1586951945146;1586951944835;19;0;3
1586951945223;1586951944835;5;0;2
1586951945297;1586951944834;19;0;5
1586951945403;1586951944834;19;0;9
1586951945455;1586951944831;19;0;6
1586951945526;1586951944834;19;0;4
1586951945599;1586951944832;19;0;12
1586951945643;1586951944833;19;0;8
1586951946895;1586951944830;18;0;7
1586951947030;1586951944830;19;0;10
1586951947073;1586951944833;19;0;14
