rec;send;queue;id_1;id_2;my_id
1587116947650;1587116947370;19;0;2;1
1587116947704;1587116947370;19;0;2;1
1587116948173;1587116947837;19;0;2;2
1587116948233;1587116947837;19;0;2;2
1587116948279;1587116947838;18;0;3;1
1587116948698;1587116948379;18;0;3;2
1587116948716;1587116947837;19;0;2;2
1587116948742;1587116948380;19;0;4;1
1587116948763;1587116948380;17;0;2;3
1587116948801;1587116947838;18;0;3;1
1587116949235;1587116948914;19;0;3;3
1587116949254;1587116948913;19;0;2;4
1587116949275;1587116948913;19;0;4;2
1587116949684;1587116949400;19;0;3;4
1587116949713;1587116949401;19;0;2;5
1587116949734;1587116949402;18;0;4;3
1587116950128;1587116949855;18;0;3;5
1587116950157;1587116949855;19;0;2;6
1587116950186;1587116949854;19;0;4;4
1587116950578;1587116950276;19;0;3;6
1587116950604;1587116950276;19;0;2;7
1587116950633;1587116950277;19;0;4;5
1587116951050;1587116950753;18;0;3;7
1587116951096;1587116950752;19;0;4;6
1587116951126;1587116950753;19;0;2;8
1587116951154;1587116950753;18;0;3;7
1587116951525;1587116951252;19;0;3;8
1587116951545;1587116951252;19;0;5;1
1587116951569;1587116951253;18;0;4;7
1587116951599;1587116951253;19;0;2;9
1587116952035;1587116951706;18;0;3;9
1587116952061;1587116951707;18;0;5;2
1587116952085;1587116951704;19;0;4;8
1587116952104;1587116951706;19;0;2;10
1587116952487;1587116952190;19;0;3;10
1587116952509;1587116952191;18;0;2;11
1587116952533;1587116952191;19;0;4;9
1587116952560;1587116952190;18;0;5;3
1587116952946;1587116952643;19;0;3;11
1587116952967;1587116952644;18;0;5;4
1587116952987;1587116952643;19;0;4;10
1587116953015;1587116952643;19;0;2;12
1587116953401;1587116953097;19;0;3;12
1587116953436;1587116953097;19;0;2;13
1587116953457;1587116953098;19;0;4;11
1587116953483;1587116953097;18;0;5;5
1587116953804;1587116953559;19;0;3;13
1587116953820;1587116953559;19;0;5;6
1587116953865;1587116953558;19;0;4;12
1587116953901;1587116953558;19;0;2;14
1587116954145;1587116953972;19;0;3;14
1587116954165;1587116953972;18;0;5;7
1587116954185;1587116953973;19;0;4;13
1587116954224;1587116953972;19;0;2;15
1587116954584;1587116954279;19;0;2;16
1587116954596;1587116954279;18;0;4;14
1587116954608;1587116954280;17;0;5;8
1587116954622;1587116954279;19;0;3;15
1587116955014;1587116954646;19;0;5;9
1587116955034;1587116954647;19;0;4;15
1587116955051;1587116954646;19;0;2;17
1587116955071;1587116954279;19;0;3;15
1587116955487;1587116955180;18;0;3;17
1587116955504;1587116955180;18;0;5;10
1587116955518;1587116955179;19;0;4;16
1587116955544;1587116955180;19;0;2;18
1587116955564;1587116954646;18;0;3;16
1587116955924;1587116955598;18;0;3;18
1587116955940;1587116955599;19;0;2;19
1587116955966;1587116955599;19;0;4;17
1587116955995;1587116955598;18;0;5;11
1587116956021;1587116955598;18;0;3;18
1587116956428;1587116956065;19;0;3;19
1587116956448;1587116956065;19;0;5;12
1587116956468;1587116956064;19;0;4;18
1587116956489;1587116956064;19;0;2;20
1587116956907;1587116956532;18;0;5;13
1587116956936;1587116956533;18;0;4;19
1587116956955;1587116956532;18;0;2;21
1587116956981;1587116956532;19;0;3;20
1587116957405;1587116956532;19;0;3;20
1587116957425;1587116957019;19;0;2;22
1587116957453;1587116957019;18;0;4;20
1587116957474;1587116957019;16;0;5;14
1587116957500;1587116957020;18;0;3;21
1587116957912;1587116957532;19;0;3;22
1587116957937;1587116957532;18;0;5;15
1587116957965;1587116957532;18;0;4;21
1587116957983;1587116957532;18;0;2;23
1587116958009;1587116957532;19;0;3;22
1587116958395;1587116958036;19;0;3;23
1587116958412;1587116958036;19;0;2;24
1587116958432;1587116958036;19;0;4;22
1587116958454;1587116958036;18;0;5;16
1587116958862;1587116958485;19;0;3;24
1587116958887;1587116958485;19;0;5;17
1587116958918;1587116958486;19;0;4;23
1587116958948;1587116958485;19;0;2;25
1587116959296;1587116958985;19;0;3;25
1587116959318;1587116958985;19;0;2;26
1587116959343;1587116958985;18;0;4;24
1587116959372;1587116958985;17;0;5;18
1587116959760;1587116959420;19;0;5;19
1587116959785;1587116959421;19;0;4;25
1587116959803;1587116959421;19;0;2;27
1587116959833;1587116959421;19;0;3;26
1587116960191;1587116959854;19;0;3;27
1587116960220;1587116959854;18;0;5;20
1587116960252;1587116959853;19;0;4;26
1587116960281;1587116959854;19;0;2;28
1587116960622;1587116960309;19;0;3;28
1587116960637;1587116960309;19;0;5;21
1587116960658;1587116960310;19;0;4;27
1587116960686;1587116960310;19;0;2;29
1587116961104;1587116960706;18;0;3;29
1587116961125;1587116960707;19;0;5;22
1587116961144;1587116960705;19;0;4;28
1587116961167;1587116960706;19;0;2;30
1587116961206;1587116961184;19;0;5;23
1587116961627;1587116961185;19;0;3;30
1587116961647;1587116961185;18;0;2;31
1587116961668;1587116961185;18;0;4;29
1587116961710;1587116961688;19;0;4;30
1587116961734;1587116961688;19;0;5;24
1587116962106;1587116961689;19;0;3;31
1587116962188;1587116961689;18;0;2;32
1587116962250;1587116962220;19;0;4;31
1587116962271;1587116962226;18;0;5;25
1587116962524;1587116961689;19;0;3;31
1587116962556;1587116962222;18;0;2;33
1587116962590;1587116962575;18;0;5;26
1587116962613;1587116962575;17;0;3;33
1587116962637;1587116962575;18;0;4;32
1587116963063;1587116962575;17;0;3;33
1587116963090;1587116962575;19;0;2;34
1587116963119;1587116963102;17;0;5;27
1587116963148;1587116963102;17;0;3;34
1587116963169;1587116963101;18;0;4;33
1587116963610;1587116963102;19;0;2;35
1587116963643;1587116963614;18;0;4;34
1587116963664;1587116963615;19;0;5;28
1587116963688;1587116963613;18;0;2;36
1587116963717;1587116963614;17;0;3;35
1587116964135;1587116964123;18;0;5;29
1587116964158;1587116964123;19;0;4;35
1587116964175;1587116964123;19;0;2;37
1587116964195;1587116964123;17;0;3;36
1587116964644;1587116964628;17;0;3;37
1587116964665;1587116964627;19;0;5;30
1587116964686;1587116964628;19;0;4;36
1587116964713;1587116964628;19;0;2;38
1587116965151;1587116965100;18;0;3;38
1587116965164;1587116965100;19;0;5;31
1587116965184;1587116965099;19;0;4;37
1587116965203;1587116965099;19;0;2;39
1587116965224;1587116962219;17;0;3;32
1587116965663;1587116965630;19;0;3;39
1587116965684;1587116965630;19;0;5;32
1587116965705;1587116965631;19;0;4;38
1587116965725;1587116965631;19;0;2;40
1587116966171;1587116966131;19;0;3;40
1587116966190;1587116966131;19;0;5;33
1587116966209;1587116966130;19;0;4;39
1587116966228;1587116966131;19;0;2;41
1587116966655;1587116966611;19;0;3;41
1587116966690;1587116966612;19;0;4;40
1587116966713;1587116966610;18;0;5;34
1587116966730;1587116966611;19;0;2;42
1587116966752;1587116966611;19;0;3;41
1587116967178;1587116967127;19;0;3;42
1587116967202;1587116967127;19;0;5;35
1587116967225;1587116967126;19;0;4;41
1587116967247;1587116967127;19;0;2;43
1587116967672;1587116967609;19;0;3;43
1587116967693;1587116967609;19;0;5;36
1587116967716;1587116967610;19;0;4;42
1587116967736;1587116967609;19;0;2;44
1587116968143;1587116968070;19;0;3;44
1587116968161;1587116968070;19;0;5;37
1587116968184;1587116968069;19;0;4;43
1587116968207;1587116968070;19;0;2;45
1587116968601;1587116968533;19;0;3;45
1587116968621;1587116968533;19;0;5;38
1587116968653;1587116968534;19;0;4;44
1587116968676;1587116968534;19;0;2;46
1587116969028;1587116968953;19;0;3;46
1587116969062;1587116968953;19;0;5;39
1587116969083;1587116968952;19;0;4;45
1587116969106;1587116968952;19;0;2;47
1587116969502;1587116969423;19;0;3;47
1587116969530;1587116969423;19;0;5;40
1587116969558;1587116969424;19;0;4;46
1587116969583;1587116969424;19;0;2;48
1587116969612;1587116969423;19;0;3;47
1587116969985;1587116969891;19;0;5;41
1587116970012;1587116969890;19;0;4;47
1587116970039;1587116969890;19;0;2;49
1587116970067;1587116969891;19;0;3;48
1587116970413;1587116970346;19;0;3;49
1587116970436;1587116970345;19;0;5;42
1587116970462;1587116970346;19;0;4;48
1587116970487;1587116970346;19;0;2;50
1587116970880;1587116970827;19;0;3;50
1587116970903;1587116970827;19;0;5;43
1587116970942;1587116970827;19;0;4;49
1587116970962;1587116970827;19;0;2;51
1587116971265;1587116971191;19;0;3;51
1587116971284;1587116971191;19;0;5;44
1587116971313;1587116971191;19;0;4;50
1587116971333;1587116971191;19;0;2;52
1587116971786;1587116971677;19;0;5;45
1587116971816;1587116971677;19;0;4;51
1587116971836;1587116971676;19;0;2;53
1587116972261;1587116971678;19;0;3;52
1587116972278;1587116972145;19;0;5;46
1587116972295;1587116972145;19;0;4;52
1587116972319;1587116972146;19;0;2;54
1587116972349;1587116971678;19;0;3;52
1587116972746;1587116971678;19;0;3;52
1587116972773;1587116972631;19;0;5;47
1587116972795;1587116972630;19;0;4;53
1587116972826;1587116972632;19;0;2;55
1587116972852;1587116972146;18;0;3;53
1587116973119;1587116973039;19;0;5;48
1587116973157;1587116973039;19;0;4;54
1587116973186;1587116973039;19;0;2;56
1587116973213;1587116973039;18;0;3;55
1587116973589;1587116973468;19;0;5;49
1587116973606;1587116973468;19;0;4;55
1587116973624;1587116973469;19;0;2;57
1587116974027;1587116973469;18;0;3;56
1587116974044;1587116973901;19;0;5;50
1587116974066;1587116973901;19;0;4;56
1587116974092;1587116973901;19;0;2;58
1587116974117;1587116972631;17;0;3;54
1587116974464;1587116974379;18;0;3;58
1587116974488;1587116974379;19;0;5;51
1587116974514;1587116974378;19;0;4;57
1587116974542;1587116974378;18;0;2;59
1587116974569;1587116973901;16;0;3;57
1587116974954;1587116974864;19;0;3;59
1587116974989;1587116974864;19;0;5;52
1587116975013;1587116974865;19;0;4;58
1587116975040;1587116974865;18;0;2;60
1587116975437;1587116975310;19;0;3;60
1587116975457;1587116975311;19;0;5;53
1587116975478;1587116975310;19;0;4;59
1587116975501;1587116975310;19;0;2;61
1587116975533;1587116975310;19;0;3;60
1587116975934;1587116975310;19;0;3;60
1587116975953;1587116975809;19;0;5;54
1587116975981;1587116975809;19;0;4;60
1587116976005;1587116975809;18;0;2;62
1587116976033;1587116975808;18;0;3;61
1587116976446;1587116976304;18;0;3;62
1587116976461;1587116976303;19;0;5;55
1587116976489;1587116976302;19;0;4;61
1587116976509;1587116976303;18;0;2;63
1587116976538;1587116976304;18;0;3;62
1587116976939;1587116976790;19;0;2;64
1587116976956;1587116976791;18;0;4;62
1587116976979;1587116976790;18;0;5;56
1587116977367;1587116976790;18;0;3;63
1587116977398;1587116977224;19;0;2;65
1587116977421;1587116977224;19;0;4;63
1587116977446;1587116977224;18;0;5;57
1587116977473;1587116975808;18;0;3;61
1587116977877;1587116977728;18;0;3;65
1587116977903;1587116977729;19;0;2;66
1587116977932;1587116977729;19;0;4;64
1587116977958;1587116977728;18;0;5;58
1587116977984;1587116977728;18;0;3;65
1587116978345;1587116977728;18;0;3;65
1587116978373;1587116978197;19;0;2;67
1587116978412;1587116978197;19;0;4;65
1587116978452;1587116978198;18;0;5;59
1587116978479;1587116978202;17;0;3;66
1587116978862;1587116978692;16;0;3;67
1587116978887;1587116978694;19;0;5;60
1587116978917;1587116978693;19;0;4;66
1587116978946;1587116978692;19;0;2;68
1587116979321;1587116979158;17;0;3;68
1587116979342;1587116979158;19;0;5;61
1587116979374;1587116979157;19;0;4;67
1587116979398;1587116979158;19;0;2;69
1587116979766;1587116979606;17;0;3;69
1587116979784;1587116979607;19;0;5;62
1587116979816;1587116979607;19;0;4;68
1587116979838;1587116979607;19;0;2;70
1587116979863;1587116977224;17;0;3;64
1587116980221;1587116980060;19;0;2;71
1587116980242;1587116980060;19;0;4;69
1587116980267;1587116980060;18;0;5;63
1587116980292;1587116980060;18;0;3;70
1587116980641;1587116980532;17;0;3;71
1587116980671;1587116980533;19;0;5;64
1587116980703;1587116980534;19;0;4;70
1587116980726;1587116980533;19;0;2;72
1587116981417;1587116981261;18;0;3;72
1587116981455;1587116981260;19;0;5;65
1587116981495;1587116981259;19;0;4;71
1587116981518;1587116981260;19;0;2;73
1587116981760;1587116981677;19;0;3;73
1587116981785;1587116981677;19;0;5;66
1587116981820;1587116981678;19;0;4;72
1587116981886;1587116981677;19;0;2;74
1587116982199;1587116982049;18;0;3;74
1587116982234;1587116982049;19;0;5;67
1587116982265;1587116982049;18;0;4;73
1587116982291;1587116982049;19;0;2;75
1587116982536;1587116982450;19;0;3;75
1587116982557;1587116982450;19;0;5;68
1587116982580;1587116982450;19;0;4;74
1587116982613;1587116982450;19;0;2;76
1587116982865;1587116982758;19;0;3;76
1587116982893;1587116982758;19;0;5;69
1587116982926;1587116982758;17;0;4;75
1587116982952;1587116982758;19;0;2;77
1587116983321;1587116983151;19;0;3;77
1587116983358;1587116983151;19;0;5;70
1587116983389;1587116983152;18;0;4;76
1587116983421;1587116983152;18;0;2;78
1587116983447;1587116983151;19;0;3;77
1587116983796;1587116983655;19;0;5;71
1587116983830;1587116983655;19;0;4;77
1587116983855;1587116983655;19;0;2;79
1587116983884;1587116983655;19;0;3;78
1587116984240;1587116984080;19;0;5;72
1587116984267;1587116984081;19;0;4;78
1587116984297;1587116984080;19;0;2;80
1587116984334;1587116983655;19;0;3;78
1587116984734;1587116984520;19;0;5;73
1587116984757;1587116984519;19;0;4;79
1587116984781;1587116984520;19;0;2;81
1587116984811;1587116984521;18;0;3;80
1587116985220;1587116984521;18;0;3;80
1587116985265;1587116985025;19;0;2;82
1587116985289;1587116985025;19;0;4;80
1587116985315;1587116985025;18;0;5;74
1587116985343;1587116984080;18;0;3;79
1587116985733;1587116985518;19;0;5;75
1587116985768;1587116985518;19;0;4;81
1587116985845;1587116985519;16;0;3;82
1587116985900;1587116985518;19;0;2;83
1587116986172;1587116986047;16;0;3;83
1587116986189;1587116986047;19;0;5;76
1587116986221;1587116986048;19;0;4;82
1587116986270;1587116986047;19;0;2;84
1587116986547;1587116986418;15;0;3;84
1587116986566;1587116986417;19;0;5;77
1587116986587;1587116986418;18;0;4;83
1587116986611;1587116986417;19;0;2;85
1587116986891;1587116986722;16;0;3;85
1587116986920;1587116986722;18;0;2;86
1587116986945;1587116986722;18;0;4;84
1587116986975;1587116986722;18;0;5;78
1587116987334;1587116987152;19;0;5;79
1587116987355;1587116987152;19;0;4;85
1587116987382;1587116987152;19;0;2;87
1587116987705;1587116987530;15;0;3;87
1587116987729;1587116987531;19;0;5;80
1587116987750;1587116987531;18;0;4;86
1587116987773;1587116987531;19;0;2;88
1587116987799;1587116987152;15;0;3;86
1587116988171;1587116987934;19;0;5;81
1587116988198;1587116987934;19;0;4;87
1587116988229;1587116987934;19;0;2;89
1587116988616;1587116987934;16;0;3;88
1587116988639;1587116988397;19;0;5;82
1587116988671;1587116988398;19;0;4;88
1587116988695;1587116988397;19;0;2;90
1587116989104;1587116988887;19;0;5;83
1587116989134;1587116988886;19;0;4;89
1587116989160;1587116988887;19;0;2;91
1587116989190;1587116988887;14;0;3;90
1587116989581;1587116989375;14;0;3;91
1587116989611;1587116989375;19;0;5;84
1587116989640;1587116989376;19;0;4;90
1587116989664;1587116989376;18;0;2;92
1587116989696;1587116988887;14;0;3;90
1587116990052;1587116989841;14;0;3;92
1587116990072;1587116989841;17;0;5;85
1587116990093;1587116989840;19;0;4;91
1587116990120;1587116989841;19;0;2;93
1587116990152;1587116988887;14;0;3;90
1587116990510;1587116990281;18;0;2;94
1587116990545;1587116990281;19;0;4;92
1587116990566;1587116990281;18;0;5;86
1587116990597;1587116990281;15;0;3;93
1587116990962;1587116990733;15;0;3;94
1587116990987;1587116990732;19;0;5;87
1587116991023;1587116990732;18;0;4;93
1587116991066;1587116990732;18;0;2;95
1587116991474;1587116991224;16;0;3;95
1587116991491;1587116991226;19;0;5;88
1587116991518;1587116991225;19;0;4;94
1587116991537;1587116991225;19;0;2;96
1587116991841;1587116991699;16;0;3;96
1587116991864;1587116991699;19;0;5;89
1587116991889;1587116991699;19;0;4;95
1587116991915;1587116991699;18;0;2;97
1587116992273;1587116992027;16;0;3;97
1587116992299;1587116992028;19;0;5;90
1587116992324;1587116992028;18;0;4;96
1587116992346;1587116992028;19;0;2;98
1587116992378;1587116992027;16;0;3;97
1587116992776;1587116992516;19;0;5;91
1587116992799;1587116992515;19;0;4;97
1587116992823;1587116992516;19;0;2;99
1587116992847;1587116992516;16;0;3;98
1587116993279;1587116992975;16;0;3;99
1587116993302;1587116992976;19;0;5;92
1587116993328;1587116992976;19;0;4;98
1587116993353;1587116992976;19;0;2;100
1587116993391;1587116985024;16;0;3;81
1587116993736;1587116993493;17;0;3;100
1587116993762;1587116993492;19;0;5;93
1587116993790;1587116993492;19;0;4;99
1587116993816;1587116993492;18;0;2;101
1587116994192;1587116993967;18;0;3;101
1587116994222;1587116993967;19;0;5;94
1587116994250;1587116993967;19;0;4;100
1587116994281;1587116993967;17;0;2;102
1587116994657;1587116994431;18;0;3;102
1587116994681;1587116994431;17;0;5;95
1587116994712;1587116994430;19;0;4;101
1587116994739;1587116994430;18;0;2;103
1587116995133;1587116994863;17;0;3;103
1587116995154;1587116994863;19;0;2;104
1587116995187;1587116994864;19;0;4;102
1587116995216;1587116994863;18;0;5;96
1587116995251;1587116988396;14;0;3;89
1587116995529;1587116995346;19;0;3;104
1587116995543;1587116995345;19;0;5;97
1587116995561;1587116995345;19;0;4;103
1587116995594;1587116995345;19;0;2;105
1587116995963;1587116995657;18;0;3;105
1587116995987;1587116995657;19;0;5;98
1587116996019;1587116995657;19;0;4;104
1587116996044;1587116995657;19;0;2;106
1587116996076;1587116995657;18;0;3;105
1587116996430;1587116996150;19;0;3;106
1587116996454;1587116996150;19;0;5;99
1587116996481;1587116996149;19;0;4;105
1587116996510;1587116996149;19;0;2;107
1587116996901;1587116996623;19;0;3;107
1587116996920;1587116996623;19;0;5;100
1587116996948;1587116996623;19;0;4;106
1587116996982;1587116996623;19;0;2;108
1587116997358;1587116997091;19;0;3;108
1587116997385;1587116997091;19;0;5;101
1587116997418;1587116997090;19;0;4;107
1587116997446;1587116997090;19;0;2;109
1587116997803;1587116997545;19;0;3;109
1587116997826;1587116997545;19;0;5;102
1587116997851;1587116997546;19;0;4;108
1587116997873;1587116997546;18;0;2;110
1587116998219;1587116997976;19;0;3;110
1587116998260;1587116997975;19;0;2;111
1587116998287;1587116997975;18;0;4;109
1587116998313;1587116997976;18;0;5;103
1587116998683;1587116998423;19;0;3;111
1587116998720;1587116998423;19;0;3;111
1587116998741;1587116998423;19;0;5;104
1587116998768;1587116998424;19;0;4;110
1587116998793;1587116998423;19;0;2;112
1587116999184;1587116998889;19;0;3;112
1587116999227;1587116998889;18;0;2;113
1587116999251;1587116998888;18;0;4;111
1587116999279;1587116998890;18;0;5;105
1587116999655;1587116999365;19;0;3;113
1587116999703;1587116999365;19;0;5;106
1587116999720;1587116999367;19;0;4;112
1587116999762;1587116999366;17;0;2;114
1587117000135;1587116999839;19;0;3;114
1587117000181;1587116999838;19;0;5;107
1587117000210;1587116999838;18;0;4;113
1587117000246;1587116999839;18;0;2;115
1587117000635;1587117000319;19;0;3;115
1587117000652;1587117000320;19;0;5;108
1587117000679;1587117000320;18;0;4;114
1587117000709;1587117000320;19;0;2;116
1587117001049;1587117000767;19;0;3;116
1587117001099;1587117000768;19;0;5;109
1587117001131;1587117000767;18;0;4;115
1587117001158;1587117000767;19;0;2;117
1587117001519;1587117001229;19;0;3;117
1587117001577;1587117001229;19;0;5;110
1587117001612;1587117001230;19;0;4;116
1587117001634;1587117001229;18;0;2;118
1587117002043;1587117001700;19;0;3;118
1587117002064;1587117001701;19;0;5;111
1587117002091;1587117001699;19;0;4;117
1587117002124;1587117001700;19;0;2;119
1587117002491;1587117002182;19;0;3;119
1587117002549;1587117002181;19;0;5;112
1587117002582;1587117002183;19;0;4;118
1587117002614;1587117002182;18;0;2;120
1587117002925;1587117002656;19;0;3;120
1587117002968;1587117002656;19;0;5;113
1587117002991;1587117002656;18;0;4;119
1587117003015;1587117002656;19;0;2;121
1587117003378;1587117003080;19;0;3;121
1587117003403;1587117003079;19;0;5;114
1587117003437;1587117003080;19;0;4;120
1587117003454;1587117003080;18;0;2;122
1587117003788;1587117003505;19;0;3;122
1587117003824;1587117003504;19;0;2;123
1587117003847;1587117003504;19;0;4;121
1587117003871;1587117003505;18;0;5;115
1587117004269;1587117003925;19;0;3;123
1587117004311;1587117003925;19;0;5;116
1587117004333;1587117003926;19;0;4;122
1587117004366;1587117003925;19;0;2;124
1587117004737;1587117004407;19;0;3;124
1587117004780;1587117004406;19;0;5;117
1587117004809;1587117004406;19;0;4;123
1587117004829;1587117004407;19;0;2;125
1587117005168;1587117004861;19;0;3;125
1587117005235;1587117004860;19;0;5;118
1587117005264;1587117004861;19;0;4;124
1587117005289;1587117004861;19;0;2;126
1587117005710;1587117005341;18;0;3;126
1587117005771;1587117005341;19;0;2;127
1587117005793;1587117005341;19;0;4;125
1587117005820;1587117005341;18;0;5;119
1587117006193;1587117005848;18;0;3;127
1587117006225;1587117005847;19;0;5;120
1587117006249;1587117005848;19;0;4;126
1587117006274;1587117005848;19;0;2;128
1587117006610;1587117006306;19;0;3;128
1587117006633;1587117006306;19;0;5;121
1587117006656;1587117006305;19;0;4;127
1587117006678;1587117006305;19;0;2;129
1587117006704;1587117006306;19;0;3;128
1587117007074;1587117006723;18;0;3;129
1587117007106;1587117006723;19;0;5;122
1587117007122;1587117006724;19;0;4;128
1587117007140;1587117006724;19;0;2;130
1587117007446;1587117007182;19;0;3;130
1587117007495;1587117007182;19;0;5;123
1587117007520;1587117007180;19;0;4;129
1587117007541;1587117007181;19;0;2;131
1587117007571;1587117007556;19;0;5;124
1587117007881;1587117007557;19;0;3;131
1587117007917;1587117007557;18;0;2;132
1587117007940;1587117007557;19;0;4;130
1587117007979;1587117007958;19;0;4;131
1587117008003;1587117007959;19;0;5;125
1587117008382;1587117007959;18;0;3;132
1587117008570;1587117007959;19;0;2;133
1587117008601;1587117008579;19;0;3;133
1587117008627;1587117008580;19;0;4;132
1587117008657;1587117008580;19;0;5;126
1587117009028;1587117008579;19;0;3;133
1587117009056;1587117008580;19;0;2;134
1587117009096;1587117009076;19;0;5;127
1587117009118;1587117009076;19;0;3;134
1587117009146;1587117009077;19;0;4;133
1587117009549;1587117009076;19;0;2;135
1587117009592;1587117009569;19;0;5;128
1587117009633;1587117009568;19;0;4;134
1587117009980;1587117009568;19;0;3;135
1587117010028;1587117009569;19;0;2;136
1587117010064;1587117010037;19;0;4;135
1587117010090;1587117010038;18;0;5;129
1587117010113;1587117010036;19;0;2;137
1587117010148;1587117009568;19;0;3;135
1587117010511;1587117009568;19;0;3;135
1587117010537;1587117010520;19;0;5;130
1587117010575;1587117010519;19;0;4;136
1587117010600;1587117010520;19;0;2;138
1587117010635;1587117010520;18;0;3;137
1587117011026;1587117010520;18;0;3;137
1587117011075;1587117011044;19;0;5;131
1587117011099;1587117011043;19;0;4;137
1587117011120;1587117011042;19;0;2;139
1587117011144;1587117011044;18;0;3;138
1587117011488;1587117010037;17;0;3;136
1587117011541;1587117011503;19;0;3;139
1587117011560;1587117011503;19;0;5;132
1587117011583;1587117011504;19;0;4;138
1587117011609;1587117011505;19;0;2;140
1587117011632;1587117011503;19;0;3;139
1587117012074;1587117012025;19;0;3;140
1587117012103;1587117012027;19;0;5;133
1587117012124;1587117012026;19;0;4;139
1587117012151;1587117012026;19;0;2;141
1587117012555;1587117012521;19;0;3;141
1587117012571;1587117012522;19;0;5;134
1587117012594;1587117012520;19;0;4;140
1587117012618;1587117012521;19;0;2;142
1587117013063;1587117013011;19;0;3;142
1587117013085;1587117013011;19;0;5;135
1587117013109;1587117013012;19;0;4;141
1587117013131;1587117013012;19;0;2;143
1587117013157;1587117013011;19;0;3;142
1587117013522;1587117013501;19;0;3;143
1587117013587;1587117013501;19;0;5;136
1587117013609;1587117013501;19;0;4;142
1587117013636;1587117013501;19;0;2;144
1587117014017;1587117013984;19;0;3;144
1587117014075;1587117013984;19;0;3;144
1587117014096;1587117013983;19;0;5;137
1587117014114;1587117013985;19;0;4;143
1587117014134;1587117013985;19;0;2;145
1587117014518;1587117014495;19;0;3;145
1587117014559;1587117014495;19;0;3;145
1587117014585;1587117014495;19;0;5;138
1587117014614;1587117014495;19;0;4;144
1587117014642;1587117014495;19;0;2;146
1587117015007;1587117014976;19;0;3;146
1587117015066;1587117014975;19;0;5;139
1587117015098;1587117014977;19;0;4;145
1587117015127;1587117014976;19;0;2;147
1587117015526;1587117015451;19;0;3;147
1587117015556;1587117015451;19;0;5;140
1587117015584;1587117015450;19;0;4;146
1587117015608;1587117015450;19;0;2;148
1587117015939;1587117015904;19;0;3;148
1587117015987;1587117015903;19;0;5;141
1587117016010;1587117015904;19;0;4;147
1587117016042;1587117015904;19;0;2;149
1587117016401;1587117016354;19;0;3;149
1587117016466;1587117016355;19;0;5;142
1587117016500;1587117016352;19;0;4;148
1587117016526;1587117016353;19;0;2;150
1587117016860;1587117016816;19;0;3;150
1587117016895;1587117016816;19;0;3;150
1587117016919;1587117016816;19;0;5;143
1587117016957;1587117016817;19;0;4;149
1587117016995;1587117016817;19;0;2;151
1587117017314;1587117017263;19;0;3;151
1587117017352;1587117017264;19;0;5;144
1587117017378;1587117017263;19;0;4;150
1587117017406;1587117017263;19;0;2;152
1587117017745;1587117017715;19;0;3;152
1587117017781;1587117017715;19;0;5;145
1587117017809;1587117017715;19;0;4;151
1587117017847;1587117017715;19;0;2;153
1587117018235;1587117018182;18;0;3;153
1587117018292;1587117018181;19;0;5;146
1587117018314;1587117018181;19;0;4;152
1587117018337;1587117018180;19;0;2;154
1587117018709;1587117018639;18;0;3;154
1587117018750;1587117018639;19;0;5;147
1587117018770;1587117018639;19;0;4;153
1587117018794;1587117018640;19;0;2;155
1587117019190;1587117019112;19;0;3;155
1587117019240;1587117019112;19;0;5;148
1587117019264;1587117019112;19;0;4;154
1587117019285;1587117019113;19;0;2;156
1587117019657;1587117019566;19;0;3;156
1587117019710;1587117019565;19;0;5;149
1587117019739;1587117019566;19;0;4;155
1587117019770;1587117019565;19;0;2;157
1587117020121;1587117020037;19;0;3;157
1587117020191;1587117020036;19;0;5;150
1587117020214;1587117020037;19;0;4;156
1587117020238;1587117020037;19;0;2;158
1587117020560;1587117020462;19;0;3;158
1587117020610;1587117020462;19;0;5;151
1587117020644;1587117020463;19;0;4;157
1587117020669;1587117020462;18;0;2;159
1587117021038;1587117020933;19;0;3;159
1587117021101;1587117020932;19;0;2;160
1587117021131;1587117020932;19;0;4;158
1587117021157;1587117020931;18;0;5;152
1587117021484;1587117021383;18;0;3;160
1587117021535;1587117021383;19;0;2;161
1587117021559;1587117021384;19;0;4;159
1587117021584;1587117021383;18;0;5;153
1587117021939;1587117021843;18;0;3;161
1587117022003;1587117021842;19;0;2;162
1587117022027;1587117021842;19;0;4;160
1587117022053;1587117021843;18;0;5;154
1587117022391;1587117022294;18;0;3;162
1587117022437;1587117022293;19;0;5;155
1587117022460;1587117022294;18;0;4;161
1587117022483;1587117022294;18;0;2;163
1587117022857;1587117022734;19;0;3;163
1587117022876;1587117022735;19;0;5;156
1587117022907;1587117022733;19;0;4;162
1587117022929;1587117022734;19;0;2;164
1587117023311;1587117023178;19;0;3;164
1587117023353;1587117023177;19;0;5;157
1587117023379;1587117023178;19;0;4;163
1587117023404;1587117023178;18;0;2;165
1587117023821;1587117023681;19;0;3;165
1587117023874;1587117023681;19;0;5;158
1587117023897;1587117023681;19;0;4;164
1587117023919;1587117023681;19;0;2;166
1587117024267;1587117024153;18;0;3;166
1587117024300;1587117024153;19;0;5;159
1587117024321;1587117024153;19;0;4;165
1587117024348;1587117024153;19;0;2;167
1587117024642;1587117024534;19;0;3;167
1587117024659;1587117024534;19;0;5;160
1587117024678;1587117024533;19;0;4;166
1587117024701;1587117024534;19;0;2;168
1587117025043;1587117024942;19;0;3;168
1587117025096;1587117024942;19;0;5;161
1587117025125;1587117024943;19;0;4;167
1587117025149;1587117024942;19;0;2;169
1587117025512;1587117025382;19;0;3;169
1587117025554;1587117025383;19;0;5;162
1587117025581;1587117025381;19;0;4;168
1587117025606;1587117025382;19;0;2;170
1587117025959;1587117025848;19;0;3;170
1587117026015;1587117025848;19;0;5;163
1587117026041;1587117025849;19;0;4;169
1587117026071;1587117025849;19;0;2;171
1587117026446;1587117026309;19;0;3;171
1587117026483;1587117026310;19;0;5;164
1587117026505;1587117026308;19;0;4;170
1587117026529;1587117026309;19;0;2;172
1587117026903;1587117026758;18;0;3;172
1587117026960;1587117026758;19;0;5;165
1587117026982;1587117026759;19;0;4;171
1587117027003;1587117026758;19;0;2;173
1587117027407;1587117027214;19;0;3;173
1587117027425;1587117027214;19;0;5;166
1587117027445;1587117027213;19;0;4;172
1587117027473;1587117027214;18;0;2;174
1587117027828;1587117027668;19;0;3;174
1587117027864;1587117027668;19;0;5;167
1587117027893;1587117027669;19;0;4;173
1587117027922;1587117027668;19;0;2;175
1587117028277;1587117028109;19;0;3;175
1587117028320;1587117028109;19;0;5;168
1587117028352;1587117028108;19;0;4;174
1587117028377;1587117028108;19;0;2;176
1587117028735;1587117028609;18;0;3;176
1587117028797;1587117028608;19;0;5;169
1587117028821;1587117028609;19;0;4;175
1587117028853;1587117028609;18;0;2;177
1587117029192;1587117029054;19;0;3;177
1587117029237;1587117029054;19;0;5;170
1587117029266;1587117029053;19;0;4;176
1587117029293;1587117029053;19;0;2;178
1587117029616;1587117029477;18;0;3;178
1587117029649;1587117029477;18;0;3;178
1587117029668;1587117029477;19;0;5;171
1587117029689;1587117029478;18;0;4;177
1587117029708;1587117029478;19;0;2;179
1587117029994;1587117029824;19;0;3;179
1587117030046;1587117029824;19;0;5;172
1587117030068;1587117029823;19;0;4;178
1587117030091;1587117029823;19;0;2;180
1587117030459;1587117030269;19;0;3;180
1587117030509;1587117030269;19;0;5;173
1587117030534;1587117030269;18;0;4;179
1587117030556;1587117030269;19;0;2;181
1587117030886;1587117030706;19;0;3;181
1587117030913;1587117030706;19;0;5;174
1587117030944;1587117030705;19;0;4;180
1587117030969;1587117030706;19;0;2;182
1587117031369;1587117031162;19;0;3;182
1587117031384;1587117031162;19;0;5;175
1587117031412;1587117031162;19;0;4;181
1587117031438;1587117031162;19;0;2;183
1587117031980;1587117031642;17;0;5;176
1587117032007;1587117031641;18;0;3;183
1587117032028;1587117031641;18;0;4;182
1587117032056;1587117031641;18;0;2;184
1587117032384;1587117032209;19;0;3;184
1587117032440;1587117032209;19;0;2;185
1587117032470;1587117032209;19;0;4;183
1587117032494;1587117032208;18;0;5;177
1587117032831;1587117032667;19;0;3;185
1587117032877;1587117032667;19;0;5;178
1587117032903;1587117032666;19;0;4;184
1587117032935;1587117032667;18;0;2;186
1587117033255;1587117033114;19;0;3;186
1587117033303;1587117033114;19;0;5;179
1587117033326;1587117033115;19;0;4;185
1587117033349;1587117033115;19;0;2;187
1587117033706;1587117033525;19;0;3;187
1587117033741;1587117033526;19;0;5;180
1587117033765;1587117033524;19;0;4;186
1587117033790;1587117033525;19;0;2;188
1587117034140;1587117033964;19;0;3;188
1587117034197;1587117033964;19;0;3;188
1587117034223;1587117033964;19;0;5;181
1587117034248;1587117033965;19;0;4;187
1587117034270;1587117033965;18;0;2;189
1587117034615;1587117034418;19;0;3;189
1587117034663;1587117034418;19;0;5;182
1587117034685;1587117034417;19;0;4;188
1587117034714;1587117034418;19;0;2;190
1587117035037;1587117034858;19;0;3;190
1587117035094;1587117034858;19;0;5;183
1587117035138;1587117034858;19;0;4;189
1587117035170;1587117034858;19;0;2;191
1587117035510;1587117035321;18;0;3;191
1587117035563;1587117035320;19;0;5;184
1587117035595;1587117035320;19;0;4;190
1587117035619;1587117035320;19;0;2;192
1587117035979;1587117035774;19;0;3;192
1587117036028;1587117035774;19;0;3;192
1587117036057;1587117035774;19;0;5;185
1587117036082;1587117035775;18;0;4;191
1587117036104;1587117035774;19;0;2;193
1587117036454;1587117036259;19;0;3;193
1587117036477;1587117036260;19;0;5;186
1587117036504;1587117036259;19;0;4;192
1587117036531;1587117036259;19;0;2;194
1587117036887;1587117036707;19;0;3;194
1587117036937;1587117036707;19;0;5;187
1587117036967;1587117036708;19;0;4;193
1587117036992;1587117036708;18;0;2;195
1587117037361;1587117037169;18;0;3;195
1587117037411;1587117037168;19;0;2;196
1587117037432;1587117037168;19;0;4;194
1587117037458;1587117037168;18;0;5;188
1587117037844;1587117037603;18;0;3;196
1587117037881;1587117037603;19;0;5;189
1587117037913;1587117037604;19;0;4;195
1587117037934;1587117037604;19;0;2;197
1587117038360;1587117038096;19;0;3;197
1587117038395;1587117038096;19;0;3;197
1587117038425;1587117038095;19;0;2;198
1587117038446;1587117038095;18;0;4;196
1587117038472;1587117038095;18;0;5;190
1587117038866;1587117038621;19;0;3;198
1587117038899;1587117038621;19;0;3;198
1587117038923;1587117038621;19;0;2;199
1587117038945;1587117038621;19;0;4;197
1587117038972;1587117038620;18;0;5;191
1587117039366;1587117039122;19;0;3;199
1587117039397;1587117039123;19;0;5;192
1587117039423;1587117039121;19;0;4;198
1587117039468;1587117039122;19;0;2;200
1587117039902;1587117039613;19;0;3;200
1587117039926;1587117039614;19;0;5;193
1587117039949;1587117039614;19;0;4;199
1587117039969;1587117039614;19;0;2;201
1587117040362;1587117040134;19;0;3;201
1587117040386;1587117040133;19;0;5;194
1587117040409;1587117040133;19;0;4;200
1587117040442;1587117040133;19;0;2;202
1587117040792;1587117040550;19;0;3;202
1587117040856;1587117040551;19;0;5;195
1587117040881;1587117040550;19;0;4;201
1587117040914;1587117040550;19;0;2;203
1587117041315;1587117041013;19;0;5;196
1587117041346;1587117041012;19;0;4;202
1587117041370;1587117041013;19;0;2;204
1587117041403;1587117041013;18;0;3;203
1587117041732;1587117041482;18;0;3;204
1587117041781;1587117041013;18;0;3;203
1587117041806;1587117041482;19;0;5;197
1587117041830;1587117041483;19;0;4;203
1587117041857;1587117041483;18;0;2;205
1587117042205;1587117041959;19;0;3;205
1587117042257;1587117041959;19;0;3;205
1587117042280;1587117041959;19;0;5;198
1587117042310;1587117041958;19;0;4;204
1587117042338;1587117041959;19;0;2;206
1587117042680;1587117041959;19;0;3;205
1587117042728;1587117042447;18;0;3;206
1587117042749;1587117042447;19;0;5;199
1587117042782;1587117042448;19;0;4;205
1587117042823;1587117042448;19;0;2;207
1587117042846;1587117042447;18;0;3;206
1587117043144;1587117042936;19;0;3;207
1587117043197;1587117042935;19;0;5;200
1587117043235;1587117042935;19;0;4;206
1587117043279;1587117042936;19;0;2;208
1587117043647;1587117043378;18;0;3;208
1587117043671;1587117043379;19;0;5;201
1587117043695;1587117043378;19;0;4;207
1587117043726;1587117043379;19;0;2;209
1587117044038;1587117043816;19;0;3;209
1587117044089;1587117043817;19;0;5;202
1587117044120;1587117043815;19;0;4;208
1587117044148;1587117043816;19;0;2;210
1587117044534;1587117044250;17;0;3;210
1587117044584;1587117044250;18;0;2;211
1587117044614;1587117044251;19;0;4;209
1587117044646;1587117044250;18;0;5;203
1587117045058;1587117044732;18;0;3;211
1587117045077;1587117044732;19;0;5;204
1587117045105;1587117044730;18;0;4;210
1587117045128;1587117044731;19;0;2;212
1587117045516;1587117045228;19;0;3;212
1587117045554;1587117045228;19;0;3;212
1587117045580;1587117045227;19;0;5;205
1587117045606;1587117045229;19;0;4;211
1587117045624;1587117045229;19;0;2;213
1587117045652;1587117045228;19;0;3;212
1587117046021;1587117045734;19;0;3;213
1587117046070;1587117045734;19;0;5;206
1587117046094;1587117045734;18;0;4;212
1587117046118;1587117045734;19;0;2;214
1587117046512;1587117046192;18;0;3;214
1587117046568;1587117046192;19;0;5;207
1587117046587;1587117046194;19;0;4;213
1587117046608;1587117046193;19;0;2;215
1587117046947;1587117046695;19;0;3;215
1587117047000;1587117046696;19;0;5;208
1587117047019;1587117046694;19;0;4;214
1587117047047;1587117046695;19;0;2;216
1587117047396;1587117047106;18;0;3;216
1587117047454;1587117047105;17;0;5;209
1587117047479;1587117047106;19;0;4;215
1587117047506;1587117047106;19;0;2;217
1587117047864;1587117047570;19;0;3;217
1587117047930;1587117047570;18;0;2;218
1587117047953;1587117047570;19;0;4;216
1587117047984;1587117047571;18;0;5;210
1587117048328;1587117048058;19;0;3;218
1587117048368;1587117048057;19;0;5;211
1587117048399;1587117048059;19;0;4;217
1587117048430;1587117048058;18;0;2;219
1587117048752;1587117048494;19;0;3;219
1587117048800;1587117048495;19;0;5;212
1587117048823;1587117048494;19;0;4;218
1587117048850;1587117048494;19;0;2;220
1587117049225;1587117048911;19;0;3;220
1587117049245;1587117048911;19;0;5;213
1587117049272;1587117048912;19;0;4;219
1587117049296;1587117048912;19;0;2;221
1587117049676;1587117049349;19;0;3;221
1587117049700;1587117049350;19;0;5;214
1587117049725;1587117049349;19;0;4;220
1587117049744;1587117049349;19;0;2;222
1587117050128;1587117049799;19;0;3;222
1587117050175;1587117049799;19;0;5;215
1587117050197;1587117049799;19;0;4;221
1587117050221;1587117049799;19;0;2;223
1587117050586;1587117050263;18;0;3;223
1587117050644;1587117050264;19;0;5;216
1587117050671;1587117050263;19;0;4;222
1587117050689;1587117050263;19;0;2;224
1587117050716;1587117050263;18;0;3;223
1587117051088;1587117050749;19;0;3;224
1587117051127;1587117050749;19;0;5;217
1587117051155;1587117050750;19;0;4;223
1587117051178;1587117050750;19;0;2;225
1587117051510;1587117051213;19;0;3;225
1587117051556;1587117051213;19;0;3;225
1587117051582;1587117051213;19;0;2;226
1587117051606;1587117051213;19;0;4;224
1587117051638;1587117051214;18;0;5;218
1587117051913;1587117051679;18;0;3;226
1587117051941;1587117051679;18;0;3;226
1587117051958;1587117051679;19;0;5;219
1587117051982;1587117051679;19;0;4;225
1587117052007;1587117051679;19;0;2;227
1587117052347;1587117052048;19;0;3;227
1587117052396;1587117052048;19;0;3;227
1587117052434;1587117052048;19;0;5;220
1587117052472;1587117052047;19;0;4;226
1587117052514;1587117052047;19;0;2;228
1587117052832;1587117052543;18;0;3;228
1587117052885;1587117052544;19;0;5;221
1587117052917;1587117052543;18;0;4;227
1587117052953;1587117052543;18;0;2;229
1587117053294;1587117052984;19;0;3;229
1587117053339;1587117052985;19;0;5;222
1587117053358;1587117052984;19;0;4;228
1587117053380;1587117052984;19;0;2;230
1587117053757;1587117053410;19;0;3;230
1587117053813;1587117053410;19;0;5;223
1587117053841;1587117053411;19;0;4;229
1587117053870;1587117053410;19;0;2;231
1587117054266;1587117053908;19;0;3;231
1587117054299;1587117053908;19;0;3;231
1587117054319;1587117053907;19;0;2;232
1587117054349;1587117053907;19;0;4;230
1587117054390;1587117053908;18;0;5;224
1587117054418;1587117053908;19;0;3;231
1587117054459;1587117054434;19;0;5;225
1587117054813;1587117054433;19;0;3;232
1587117054857;1587117054434;19;0;2;233
1587117054879;1587117054433;18;0;4;231
1587117055410;1587117054896;18;0;4;232
1587117055437;1587117054898;18;0;2;234
1587117055463;1587117054897;18;0;5;226
1587117055501;1587117055465;18;0;4;233
1587117055524;1587117055467;19;0;5;227
1587117055887;1587117055466;19;0;2;235
1587117055932;1587117055918;19;0;5;228
1587117055963;1587117055917;18;0;4;234
1587117056331;1587117055917;17;0;3;235
1587117056415;1587117054899;18;0;3;233
1587117056432;1587117055917;18;0;2;236
1587117056461;1587117056447;17;0;5;229
1587117056491;1587117054899;18;0;3;233
1587117056512;1587117056446;19;0;4;235
1587117056826;1587117055465;17;0;3;234
1587117056864;1587117056446;16;0;3;236
1587117056884;1587117056446;19;0;2;237
1587117056920;1587117056891;19;0;4;236
1587117056942;1587117056892;19;0;5;230
1587117056968;1587117056889;18;0;2;238
1587117056995;1587117056889;18;0;3;237
1587117057342;1587117056446;16;0;3;236
1587117057373;1587117057361;19;0;5;231
1587117057402;1587117057361;19;0;4;237
1587117057426;1587117057361;19;0;2;239
1587117057449;1587117057361;19;0;3;238
1587117057867;1587117057838;19;0;3;239
1587117057885;1587117057838;19;0;5;232
1587117057912;1587117057838;19;0;4;238
1587117057935;1587117057838;19;0;2;240
1587117058355;1587117058322;19;0;3;240
1587117058379;1587117058322;19;0;5;233
1587117058408;1587117058321;19;0;4;239
1587117058442;1587117058321;19;0;2;241
1587117058760;1587117058732;19;0;3;241
1587117058792;1587117058732;19;0;5;234
1587117058813;1587117058733;19;0;4;240
1587117058832;1587117058732;19;0;2;242
1587117059194;1587117059151;19;0;3;242
1587117059224;1587117059152;19;0;5;235
1587117059247;1587117059150;19;0;4;241
1587117059272;1587117059150;19;0;2;243
1587117059299;1587117059151;19;0;3;242
1587117059664;1587117059151;19;0;3;242
1587117059722;1587117059668;19;0;3;243
1587117059745;1587117059666;19;0;5;236
1587117059768;1587117059667;19;0;4;242
1587117059793;1587117059667;19;0;2;244
1587117060121;1587117060101;19;0;3;244
1587117060180;1587117060102;19;0;5;237
1587117060203;1587117060100;19;0;4;243
1587117060231;1587117060101;19;0;2;245
1587117060531;1587117060518;19;0;3;245
1587117060582;1587117060517;19;0;5;238
1587117060613;1587117060518;19;0;4;244
1587117060638;1587117060518;19;0;2;246
1587117060988;1587117060966;19;0;3;246
1587117061029;1587117060966;19;0;5;239
1587117061048;1587117060964;19;0;4;245
1587117061075;1587117060965;19;0;2;247
1587117061463;1587117061423;19;0;3;247
1587117061497;1587117061423;19;0;3;247
1587117061519;1587117061422;19;0;5;240
1587117061544;1587117061424;19;0;4;246
1587117061574;1587117061424;19;0;2;248
1587117061948;1587117061918;19;0;3;248
1587117061997;1587117061918;19;0;5;241
1587117062019;1587117061916;19;0;4;247
1587117062043;1587117061917;19;0;2;249
1587117062435;1587117062363;19;0;3;249
1587117062459;1587117062363;19;0;5;242
1587117062485;1587117062364;19;0;4;248
1587117062509;1587117062364;19;0;2;250
1587117062857;1587117062814;19;0;3;250
1587117062907;1587117062815;19;0;5;243
1587117062936;1587117062813;19;0;4;249
1587117062964;1587117062814;19;0;2;251
1587117063325;1587117063228;19;0;3;251
1587117063355;1587117063227;19;0;5;244
1587117063375;1587117063228;19;0;4;250
1587117063403;1587117063228;19;0;2;252
1587117063442;1587117063228;19;0;3;251
1587117063773;1587117063735;19;0;3;252
1587117063822;1587117063735;19;0;5;245
1587117063847;1587117063735;19;0;4;251
1587117063874;1587117063735;19;0;2;253
1587117064228;1587117064176;19;0;3;253
1587117064274;1587117064177;19;0;5;246
1587117064301;1587117064177;19;0;4;252
1587117064328;1587117064177;19;0;2;254
1587117064633;1587117064600;19;0;3;254
1587117064679;1587117064599;19;0;5;247
1587117064704;1587117064599;19;0;4;253
1587117064734;1587117064599;19;0;2;255
1587117065071;1587117064992;19;0;3;255
1587117065108;1587117064992;19;0;5;248
1587117065128;1587117064991;19;0;4;254
1587117065164;1587117064993;19;0;2;256
1587117065575;1587117065447;19;0;3;256
1587117065600;1587117065447;19;0;5;249
1587117065631;1587117065446;19;0;4;255
1587117065661;1587117065447;19;0;2;257
1587117066070;1587117065996;19;0;3;257
1587117066119;1587117065996;19;0;5;250
1587117066143;1587117065997;19;0;4;256
1587117066163;1587117065997;19;0;2;258
1587117066497;1587117066410;19;0;3;258
1587117066542;1587117066409;19;0;5;251
1587117066568;1587117066410;19;0;4;257
1587117066599;1587117066409;19;0;2;259
1587117066920;1587117066834;19;0;3;259
1587117066974;1587117066834;19;0;5;252
1587117066997;1587117066835;19;0;4;258
1587117067024;1587117066835;19;0;2;260
1587117067375;1587117067300;19;0;3;260
1587117067426;1587117067300;19;0;5;253
1587117067454;1587117067299;19;0;4;259
1587117067476;1587117067299;19;0;2;261
1587117067818;1587117067727;19;0;3;261
1587117067863;1587117067726;19;0;5;254
1587117067885;1587117067727;18;0;4;260
1587117067907;1587117067727;18;0;2;262
1587117068266;1587117068177;19;0;3;262
1587117068312;1587117068178;19;0;5;255
1587117068339;1587117068177;19;0;4;261
1587117068362;1587117068177;18;0;2;263
1587117068720;1587117068608;19;0;3;263
1587117068793;1587117068608;19;0;5;256
1587117068824;1587117068609;18;0;4;262
1587117068851;1587117068609;19;0;2;264
1587117069256;1587117069101;19;0;3;264
1587117069276;1587117069101;19;0;2;265
1587117069300;1587117069101;19;0;4;263
1587117069324;1587117069102;18;0;5;257
1587117069737;1587117069101;19;0;3;264
1587117069771;1587117069579;19;0;2;266
1587117069798;1587117069580;19;0;4;264
1587117069822;1587117069579;18;0;5;258
1587117070191;1587117070079;18;0;3;266
1587117070251;1587117070079;19;0;5;259
1587117070278;1587117070078;19;0;4;265
1587117070302;1587117070079;19;0;2;267
1587117070684;1587117070563;18;0;3;267
1587117070732;1587117069578;18;0;3;265
1587117070754;1587117070563;19;0;5;260
1587117070783;1587117070564;19;0;4;266
1587117070804;1587117070563;19;0;2;268
1587117070830;1587117069578;18;0;3;265
1587117071250;1587117071067;18;0;3;268
1587117071284;1587117071066;18;0;2;269
1587117071313;1587117071065;19;0;4;267
1587117071332;1587117071066;18;0;5;261
1587117071705;1587117071560;19;0;3;269
1587117071749;1587117071559;17;0;5;262
1587117071776;1587117071561;18;0;4;268
1587117071804;1587117071560;19;0;2;270
1587117072206;1587117072027;19;0;2;271
1587117072233;1587117072026;19;0;4;269
1587117072255;1587117072028;18;0;5;263
1587117072287;1587117072027;18;0;3;270
1587117072612;1587117072480;19;0;3;271
1587117072669;1587117072481;19;0;5;264
1587117072696;1587117072481;19;0;4;270
1587117072717;1587117072481;19;0;2;272
1587117073085;1587117072941;19;0;3;272
1587117073153;1587117072941;19;0;5;265
1587117073177;1587117072940;19;0;4;271
1587117073209;1587117072941;19;0;2;273
1587117073546;1587117073409;18;0;3;273
1587117073603;1587117073409;19;0;5;266
1587117073626;1587117073410;19;0;4;272
1587117073657;1587117073409;19;0;2;274
1587117073977;1587117073872;19;0;3;274
1587117074026;1587117073872;19;0;2;275
1587117074058;1587117073872;19;0;4;273
1587117074085;1587117073873;18;0;5;267
1587117074436;1587117074301;19;0;3;275
1587117074492;1587117074301;19;0;3;275
1587117074519;1587117074300;19;0;5;268
1587117074547;1587117074301;19;0;4;274
1587117074569;1587117074301;19;0;2;276
1587117074921;1587117074767;19;0;3;276
1587117074957;1587117074767;19;0;5;269
1587117074983;1587117074767;19;0;4;275
1587117075009;1587117074767;19;0;2;277
1587117075407;1587117075204;19;0;3;277
1587117075448;1587117075203;19;0;5;270
1587117075483;1587117075204;19;0;4;276
1587117075507;1587117075204;19;0;2;278
1587117075532;1587117075204;19;0;3;277
1587117075935;1587117075744;19;0;3;278
1587117075973;1587117075744;19;0;5;271
1587117076001;1587117075743;19;0;4;277
