rec;send;queue;id_1;id_2;packet_id
1587489608414;1587489605244;19;0;2;1
1587489612015;1587489610787;19;0;3;1
1587489613961;1587489610783;19;0;2;2
1587489617643;1587489616298;19;0;3;2
1587489619764;1587489616295;19;0;2;3
1587489623337;1587489622016;19;0;3;3
1587489625501;1587489622016;19;0;2;4
1587489629062;1587489627743;19;0;3;4
1587489631214;1587489627741;19;0;2;5
1587489634797;1587489633323;18;0;3;5
1587489636895;1587489633323;19;0;2;6
1587489640440;1587489638993;19;0;3;6
1587489642571;1587489638993;19;0;2;7
1587489646124;1587489644627;19;0;3;7
1587489646375;1587489644627;19;0;2;8
1587489651800;1587489650279;19;0;3;8
1587489653892;1587489650278;19;0;2;9
1587489657583;1587489655922;19;0;3;9
1587489657723;1587489655921;19;0;2;10
1587489663087;1587489661521;19;0;3;10
1587489663333;1587489661521;18;0;2;11
1587489668829;1587489667151;19;0;3;11
1587489669041;1587489667151;19;0;2;12
1587489674513;1587489672873;19;0;3;12
1587489674774;1587489672872;19;0;2;13
1587489680393;1587489678637;19;0;3;13
1587489680638;1587489678636;18;0;2;14
1587489686303;1587489684466;19;0;3;14
1587489686568;1587489684465;19;0;2;15
1587489692044;1587489690245;18;0;3;15
1587489692284;1587489690244;19;0;2;16
1587489697645;1587489695861;18;0;3;16
1587489697877;1587489695861;19;0;2;17
1587489703441;1587489701605;19;0;3;17
1587489703680;1587489701604;18;0;2;18
1587489707696;1587489707359;19;0;5;1
1587489708897;1587489707361;19;0;4;1
1587489709311;1587489707360;19;0;3;18
1587489709462;1587489707360;18;0;2;19
1587489713430;1587489713032;19;0;5;2
1587489714566;1587489713037;18;0;4;2
1587489714927;1587489713035;19;0;3;19
1587489715167;1587489713035;19;0;2;20
1587489715400;1587489713034;19;0;6;1
1587489718980;1587489718756;19;0;7;1
1587489719245;1587489718753;19;0;5;3
1587489720407;1587489718757;19;0;4;3
1587489720797;1587489718756;18;0;3;20
1587489721214;1587489718755;18;0;8;1
1587489722917;1587489718755;18;0;2;21
1587489723166;1587489718755;18;0;6;2
1587489724925;1587489724684;18;0;7;2
1587489725198;1587489724682;19;0;5;4
1587489726427;1587489724685;19;0;4;4
1587489726587;1587489724684;19;0;9;1
1587489726870;1587489724685;19;0;10;1
1587489727104;1587489724684;19;0;2;22
1587489727318;1587489724683;17;0;8;2
1587489728958;1587489724684;19;0;3;21
1587489729342;1587489724683;18;0;6;3
1587489730931;1587489730803;17;0;3;22
1587489731173;1587489730803;19;0;7;3
1587489731388;1587489730801;19;0;5;5
1587489732716;1587489730804;18;0;4;5
1587489732889;1587489730803;19;0;9;2
1587489733160;1587489730805;19;0;10;2
1587489733387;1587489730803;18;0;2;23
1587489733591;1587489730802;18;0;8;3
1587489735255;1587489730803;19;0;11;1
1587489735675;1587489730802;18;0;6;4
1587489737247;1587489737069;19;0;3;23
1587489737503;1587489737070;18;0;7;4
1587489737742;1587489737066;18;0;5;6
1587489739000;1587489737068;19;0;12;1
1587489739171;1587489737072;19;0;4;6
1587489739338;1587489737070;19;0;9;3
1587489739613;1587489737072;19;0;10;3
1587489739843;1587489737069;19;0;2;24
1587489740046;1587489737068;18;0;8;4
1587489741325;1587489737071;19;0;13;1
1587489742087;1587489737069;19;0;6;5
1587489743755;1587489737070;19;0;11;2
1587489743993;1587489743525;19;0;7;5
1587489745074;1587489743524;18;0;14;1
1587489745338;1587489743524;19;0;12;2
1587489745527;1587489743526;19;0;4;7
1587489745668;1587489743525;19;0;9;4
1587489745935;1587489743523;18;0;15;1
1587489746142;1587489743525;19;0;2;25
1587489746349;1587489743524;18;0;8;5
1587489747663;1587489743526;19;0;13;2
1587489748049;1587489743527;18;0;10;4
1587489748456;1587489743525;18;0;6;6
1587489750055;1587489743526;19;0;11;3
1587489750273;1587489749845;19;0;7;6
1587489750510;1587489749842;17;0;5;8
1587489751450;1587489749844;19;0;14;2
1587489751714;1587489749844;18;0;12;3
1587489751911;1587489749846;18;0;4;8
1587489752057;1587489749845;18;0;9;5
1587489752331;1587489749847;19;0;10;5
1587489752570;1587489749845;19;0;2;26
1587489752799;1587489749844;18;0;8;6
1587489754164;1587489749846;19;0;13;3
1587489754554;1587489743525;19;0;3;24
1587489754947;1587489749844;19;0;6;7
1587489756157;1587489749846;19;0;17;1
1587489756555;1587489749845;19;0;11;4
1587489756792;1587489756295;19;0;7;7
1587489757043;1587489749843;19;0;16;2
1587489758029;1587489756294;18;0;14;3
1587489758277;1587489756294;19;0;12;4
1587489758420;1587489756297;18;0;4;9
1587489758596;1587489756296;19;0;9;6
1587489758899;1587489756297;17;0;10;6
1587489759330;1587489756294;18;0;8;7
1587489760654;1587489756296;19;0;13;4
1587489761064;1587489756293;14;0;15;3
1587489761284;1587489756295;18;0;2;27
1587489761523;1587489756295;19;0;6;8
1587489762783;1587489756296;18;0;17;2
1587489762938;1587489762876;19;0;9;7
1587489763224;1587489756296;19;0;11;5
1587489763708;1587489762874;13;0;5;10
1587489764718;1587489762874;19;0;14;4
1587489764970;1587489762874;19;0;12;5
1587489765150;1587489762878;19;0;4;10
1587489765504;1587489762873;14;0;15;4
1587489765753;1587489762875;19;0;2;28
1587489765985;1587489762875;18;0;8;8
1587489767344;1587489762877;19;0;13;5
1587489767719;1587489762875;19;0;3;27
1587489768120;1587489762875;19;0;6;9
1587489769392;1587489762877;19;0;17;3
1587489769558;1587489769455;19;0;9;8
1587489769883;1587489762876;19;0;11;6
1587489770109;1587489769455;15;0;7;9
1587489770378;1587489769453;10;0;5;11
1587489771379;1587489769452;19;0;14;5
1587489771626;1587489769452;19;0;12;6
1587489771783;1587489769458;19;0;4;11
1587489772213;1587489769457;19;0;10;8
1587489772453;1587489769454;19;0;2;29
1587489772686;1587489769453;18;0;8;9
1587489774001;1587489769456;19;0;13;6
1587489774421;1587489769451;12;0;15;5
1587489774801;1587489769453;19;0;6;10
1587489776060;1587489776019;18;0;4;12
1587489776244;1587489776018;19;0;9;9
1587489776553;1587489776019;13;0;15;6
1587489776788;1587489776017;15;0;7;10
1587489777037;1587489776016;6;0;5;12
1587489778018;1587489776015;19;0;14;6
1587489778287;1587489776015;19;0;12;7
1587489778464;1587489776018;19;0;13;7
1587489778877;1587489776016;18;0;10;9
1587489779105;1587489776017;19;0;2;30
1587489779328;1587489776016;18;0;8;10
1587489780655;1587489769457;19;0;17;4
1587489781012;1587489769456;19;0;11;7
1587489781238;1587489776014;19;0;18;4
1587489782753;1587489782681;18;0;4;13
1587489782951;1587489782681;19;0;9;10
1587489783234;1587489782681;10;0;15;7
1587489783477;1587489782680;15;0;7;11
1587489783756;1587489776017;19;0;6;11
1587489784702;1587489782680;19;0;14;7
1587489784977;1587489782680;19;0;12;8
1587489785132;1587489782681;19;0;13;8
1587489785515;1587489776018;19;0;11;8
1587489785765;1587489782681;19;0;2;31
1587489787324;1587489782681;19;0;17;6
1587489787692;1587489782681;19;0;11;9
1587489787909;1587489782680;19;0;18;5
1587489788130;1587489782680;19;0;6;12
1587489789452;1587489789326;18;0;4;14
1587489789638;1587489789325;19;0;9;11
1587489789954;1587489789326;9;0;15;8
1587489790175;1587489789324;14;0;7;12
1587489790437;1587489789325;5;0;5;14
1587489791403;1587489789324;19;0;14;8
1587489791671;1587489789325;19;0;12;9
1587489791843;1587489789326;19;0;13;9
1587489792238;1587489789326;19;0;10;11
1587489792477;1587489789325;19;0;2;32
1587489792728;1587489789325;18;0;8;12
1587489793969;1587489789326;19;0;17;7
1587489794333;1587489789325;19;0;11;10
1587489794751;1587489789325;19;0;6;13
1587489796000;1587489795899;18;0;4;15
1587489796178;1587489795897;19;0;9;12
1587489796492;1587489795898;7;0;15;9
1587489796708;1587489795897;13;0;7;13
1587489796978;1587489795895;5;0;5;15
1587489797924;1587489795894;19;0;14;9
1587489798207;1587489795895;19;0;12;10
1587489798383;1587489795898;19;0;13;10
1587489798768;1587489795895;19;0;10;12
1587489799013;1587489795896;19;0;2;33
1587489799217;1587489795896;18;0;8;13
1587489800476;1587489795898;19;0;17;8
1587489800836;1587489795897;19;0;11;11
1587489801050;1587489756293;18;0;18;1
1587489801265;1587489795896;19;0;6;14
1587489802440;1587489802380;19;0;12;11
1587489802617;1587489802383;18;0;4;16
1587489802799;1587489802382;19;0;9;13
1587489803143;1587489802383;6;0;15;10
1587489803356;1587489802379;13;0;7;14
1587489803632;1587489802381;5;0;5;16
1587489804603;1587489802380;19;0;14;10
1587489804993;1587489802382;19;0;13;11
1587489805396;1587489802380;19;0;10;13
1587489805617;1587489802382;19;0;2;34
1587489805854;1587489802381;18;0;8;14
1587489807100;1587489802383;19;0;17;9
1587489807466;1587489802382;19;0;11;12
1587489807742;1587489802379;19;0;18;8
1587489809074;1587489808984;19;0;12;12
1587489809258;1587489808988;18;0;4;17
1587489809443;1587489808986;19;0;9;14
1587489809755;1587489808987;6;0;15;11
1587489809998;1587489808983;13;0;7;15
1587489811179;1587489808984;19;0;14;11
1587489811557;1587489808986;19;0;13;12
1587489811960;1587489808985;19;0;10;14
1587489812174;1587489808985;19;0;2;35
1587489813752;1587489808987;19;0;17;10
1587489814130;1587489808986;19;0;11;13
1587489814359;1587489808984;19;0;18;9
1587489814594;1587489743523;17;0;5;7
1587489815740;1587489815636;19;0;12;13
1587489815931;1587489815640;17;0;4;18
1587489816087;1587489815638;19;0;9;15
1587489816406;1587489815640;6;0;15;12
1587489816638;1587489815635;13;0;7;16
1587489816900;1587489802381;19;0;6;15
1587489817881;1587489815636;19;0;14;12
1587489818285;1587489815639;19;0;13;13
1587489818680;1587489815636;19;0;10;15
1587489818907;1587489815637;19;0;2;36
1587489819140;1587489815638;4;0;5;18
1587489820379;1587489815640;19;0;17;11
1587489820763;1587489815639;19;0;11;14
1587489820992;1587489815635;19;0;18;10
1587489821236;1587489815637;19;0;6;17
1587489822328;1587489822180;19;0;12;14
1587489822479;1587489822184;17;0;4;19
1587489822676;1587489822183;19;0;9;16
1587489823000;1587489822184;6;0;15;13
1587489823234;1587489822179;13;0;7;17
1587489823496;1587489822183;5;0;5;19
1587489824477;1587489822180;19;0;14;13
1587489824798;1587489822184;19;0;13;14
1587489825074;1587489822181;19;0;10;16
1587489825220;1587489822182;19;0;2;37
1587489825422;1587489822181;19;0;8;17
1587489826631;1587489822184;19;0;17;12
1587489827021;1587489822183;19;0;11;15
1587489827238;1587489822179;19;0;18;11
1587489827489;1587489822182;19;0;6;18
1587489828738;1587489828380;16;0;4;20
1587489828925;1587489828378;19;0;9;17
1587489829391;1587489828374;13;0;7;18
1587489829596;1587489828377;5;0;5;20
1587489830556;1587489828375;19;0;14;14
1587489830806;1587489828375;18;0;12;15
1587489830991;1587489828379;19;0;13;15
1587489831410;1587489828379;5;0;15;14
1587489831608;1587489828376;19;0;2;38
1587489831835;1587489828376;19;0;8;18
1587489833091;1587489828380;19;0;17;13
1587489833435;1587489828379;19;0;11;16
1587489833695;1587489828374;19;0;18;12
1587489833952;1587489828376;19;0;6;19
1587489835107;1587489834895;19;0;12;16
1587489835290;1587489834898;16;0;4;21
1587489835460;1587489834897;19;0;9;18
1587489835801;1587489834898;6;0;15;15
1587489835968;1587489834895;13;0;7;19
1587489836240;1587489834896;5;0;5;21
1587489837132;1587489834895;19;0;14;15
1587489837549;1587489834897;19;0;13;16
1587489837938;1587489834897;19;0;10;18
1587489838192;1587489834896;19;0;2;39
1587489838438;1587489834896;19;0;8;19
1587489839751;1587489834898;19;0;17;14
1587489840237;1587489834895;19;0;18;13
1587489840486;1587489834896;19;0;6;20
1587489841176;1587489834897;19;0;11;17
1587489841665;1587489841437;19;0;12;17
1587489841803;1587489841440;16;0;4;22
1587489841977;1587489841439;19;0;9;19
1587489842260;1587489841440;6;0;15;16
1587489842477;1587489834895;19;0;18;13
1587489842765;1587489841437;5;0;5;22
1587489843563;1587489841437;19;0;10;19
1587489843840;1587489841437;19;0;14;16
1587489844212;1587489841439;19;0;13;17
1587489844829;1587489841437;19;0;2;40
1587489845070;1587489841437;19;0;8;20
1587489845772;1587489749843;15;0;15;2
1587489846400;1587489841440;19;0;17;15
1587489846739;1587489841439;19;0;11;18
1587489846913;1587489834895;19;0;18;13
1587489847156;1587489841437;19;0;6;21
1587489847873;1587489749845;18;0;3;25
1587489848134;1587489848098;19;0;14;17
1587489848419;1587489848098;19;0;12;18
1587489848591;1587489848100;16;0;4;23
1587489848744;1587489848099;19;0;9;20
1587489849090;1587489848100;9;0;15;17
1587489849310;1587489834895;19;0;18;13
1587489849614;1587489848099;5;0;5;23
1587489850385;1587489848098;19;0;10;20
1587489851004;1587489848100;19;0;13;18
1587489851392;1587489848099;19;0;3;40
1587489851647;1587489848099;19;0;2;41
1587489851889;1587489848099;19;0;8;21
1587489852596;1587489756295;19;0;3;26
1587489853247;1587489848100;19;0;17;16
1587489853635;1587489848099;19;0;11;19
1587489853863;1587489834895;19;0;18;13
1587489854125;1587489848099;19;0;6;22
1587489854836;1587489762878;19;0;10;7
1587489855125;1587489855014;19;0;14;18
1587489855383;1587489855014;19;0;12;19
1587489855601;1587489855019;16;0;4;24
1587489855780;1587489855017;19;0;9;21
1587489856090;1587489855019;11;0;15;18
1587489856331;1587489834895;19;0;18;13
1587489856608;1587489855017;5;0;5;24
1587489857289;1587489855015;19;0;10;21
1587489857891;1587489855018;19;0;13;19
1587489858299;1587489855017;19;0;3;41
1587489858526;1587489855016;19;0;2;42
1587489858788;1587489855015;19;0;8;22
1587489859497;1587489769454;19;0;3;28
1587489860120;1587489855019;19;0;17;17
1587489860520;1587489855018;19;0;11;20
1587489860779;1587489834895;19;0;18;13
1587489861018;1587489855016;19;0;6;23
1587489861709;1587489776017;19;0;3;29
1587489861990;1587489861851;19;0;14;19
1587489862237;1587489861852;19;0;12;20
1587489862394;1587489861856;16;0;4;25
1587489862578;1587489861854;19;0;9;22
1587489862881;1587489861855;13;0;15;19
1587489863105;1587489834895;19;0;18;13
1587489863374;1587489861854;5;0;5;25
1587489864146;1587489861852;19;0;10;22
1587489864721;1587489861855;19;0;13;20
1587489865124;1587489861854;19;0;3;42
1587489865317;1587489861853;19;0;2;43
1587489865561;1587489861852;19;0;8;23
1587489866284;1587489782680;19;0;10;10
1587489866857;1587489861855;19;0;17;18
1587489867194;1587489861855;19;0;11;21
1587489867409;1587489834895;19;0;18;13
1587489867667;1587489861853;19;0;6;24
1587489868592;1587489868399;19;0;14;20
1587489868874;1587489868399;19;0;12;21
1587489869046;1587489868400;15;0;4;26
1587489869220;1587489868403;19;0;9;23
1587489869545;1587489868404;15;0;15;20
1587489869792;1587489868403;4;0;7;24
1587489870068;1587489868403;5;0;5;26
1587489870784;1587489868400;19;0;10;23
1587489871384;1587489868404;19;0;13;21
1587489871805;1587489868402;19;0;3;43
1587489872018;1587489868401;19;0;2;44
1587489872251;1587489868400;19;0;8;24
1587489872912;1587489782681;19;0;3;30
1587489873511;1587489868402;19;0;17;19
1587489873865;1587489868404;19;0;11;22
1587489874090;1587489841436;18;0;18;14
1587489874348;1587489868400;19;0;6;25
1587489875000;1587489789325;19;0;3;31
1587489875241;1587489875049;19;0;14;21
1587489875407;1587489875047;19;0;12;22
1587489875535;1587489875047;15;0;4;27
1587489875640;1587489875049;19;0;9;24
1587489875938;1587489841436;18;0;18;14
1587489876127;1587489875049;5;0;5;27
1587489876554;1587489875046;16;0;15;21
1587489877132;1587489875050;19;0;13;22
1587489877502;1587489875047;19;0;10;24
1587489877730;1587489834895;19;0;18;13
1587489877792;1587489875049;19;0;3;44
1587489878024;1587489875047;19;0;8;25
1587489878714;1587489795897;19;0;3;32
1587489879329;1587489875048;19;0;17;20
1587489879688;1587489875050;19;0;11;23
1587489879941;1587489875049;14;0;18;19
1587489879995;1587489828375;19;0;10;17
1587489880223;1587489875047;19;0;6;26
1587489880927;1587489880899;19;0;15;22
1587489881196;1587489880897;19;0;14;22
1587489881469;1587489880898;19;0;12;23
1587489881656;1587489880896;15;0;4;28
1587489881819;1587489880900;19;0;9;25
1587489882149;1587489880895;19;0;10;25
1587489882359;1587489875049;14;0;18;19
1587489882432;1587489880899;19;0;3;45
1587489882675;1587489880900;4;0;5;28
1587489883961;1587489880898;19;0;13;23
1587489884539;1587489880900;3;0;7;26
1587489884794;1587489880895;19;0;8;26
1587489886237;1587489880901;19;0;11;24
1587489886459;1587489875049;14;0;18;19
1587489886725;1587489880895;19;0;6;27
1587489887414;1587489887300;18;0;15;23
1587489887616;1587489887301;19;0;14;23
1587489887880;1587489887301;19;0;12;24
1587489888023;1587489887299;16;0;4;29
1587489888210;1587489887304;19;0;9;26
1587489888554;1587489887301;19;0;10;26
1587489888808;1587489875049;14;0;18;19
1587489889107;1587489887303;4;0;5;29
1587489890400;1587489887301;19;0;13;24
1587489890840;1587489887303;19;0;3;46
1587489891068;1587489887303;3;0;7;27
1587489891312;1587489887299;19;0;8;27
1587489892629;1587489887300;19;0;17;22
1587489893002;1587489887303;19;0;11;25
1587489893211;1587489875049;14;0;18;19
1587489894376;1587489894046;19;0;14;24
1587489894661;1587489894048;19;0;12;25
1587489894849;1587489894045;15;0;4;30
1587489895324;1587489894049;19;0;10;27
1587489895590;1587489875049;14;0;18;19
1587489895677;1587489894047;18;0;15;24
1587489895907;1587489887299;19;0;6;28
1587489897275;1587489894048;19;0;13;25
1587489897416;1587489894049;18;0;9;27
1587489897694;1587489894050;19;0;3;47
1587489897921;1587489894050;3;0;7;28
1587489899500;1587489894046;19;0;17;23
1587489899880;1587489894049;19;0;11;26
1587489900102;1587489841436;11;0;7;20
1587489900265;1587489894050;3;0;5;30
1587489900385;1587489743524;19;0;16;1
1587489901284;1587489900853;19;0;14;25
1587489901572;1587489900854;19;0;12;26
1587489901777;1587489900852;15;0;4;31
1587489901944;1587489900854;19;0;9;28
1587489902276;1587489900854;19;0;10;28
1587489902501;1587489875049;14;0;18;19
1587489902583;1587489900853;18;0;15;25
1587489902682;1587489900856;6;0;5;31
1587489902808;1587489900856;19;0;16;25
1587489904117;1587489900856;19;0;13;26
1587489904683;1587489900852;19;0;2;49
1587489904756;1587489900856;19;0;3;48
1587489904927;1587489900855;19;0;8;29
1587489905045;1587489900853;19;0;19;23
1587489906337;1587489900853;19;0;17;24
1587489906708;1587489900852;19;0;11;27
1587489906957;1587489875049;14;0;18;19
1587489907227;1587489756294;15;0;5;9
1587489907868;1587489907674;18;0;15;26
1587489908101;1587489907675;19;0;14;26
1587489908368;1587489907675;19;0;12;27
1587489908544;1587489907675;16;0;4;32
1587489908730;1587489907676;19;0;9;29
1587489909037;1587489907677;19;0;10;29
1587489909267;1587489875049;14;0;18;19
1587489909346;1587489907678;19;0;3;49
1587489909521;1587489900855;19;0;6;30
1587489909647;1587489907676;19;0;16;26
1587489911540;1587489900855;4;0;7;29
1587489911738;1587489907677;19;0;8;30
1587489911868;1587489907677;5;0;5;32
1587489913048;1587489907675;18;0;13;27
1587489913658;1587489841436;18;0;18;14
1587489913842;1587489907674;19;0;6;31
1587489914636;1587489914335;18;0;15;27
1587489914891;1587489914333;19;0;14;27
1587489915166;1587489914336;19;0;12;28
1587489915327;1587489914332;15;0;4;33
1587489915502;1587489914334;19;0;9;30
1587489915844;1587489907677;19;0;11;28
1587489916096;1587489841436;18;0;18;14
1587489916194;1587489914336;19;0;3;50
1587489916316;1587489914337;6;0;5;33
1587489916467;1587489914335;19;0;16;27
1587489917768;1587489914333;19;0;13;28
1587489918161;1587489914334;18;0;10;30
1587489918387;1587489914336;3;0;7;31
1587489918575;1587489914336;19;0;8;31
1587489918714;1587489914333;19;0;19;25
1587489919924;1587489907674;19;0;17;25
1587489920308;1587489914332;19;0;11;29
1587489920531;1587489907675;3;0;7;30
1587489920691;1587489914334;19;0;6;32
1587489920848;1587489907674;19;0;19;24
1587489921613;1587489921283;18;0;15;28
1587489921873;1587489921283;19;0;14;28
1587489922142;1587489921284;19;0;12;29
1587489922316;1587489921282;15;0;4;34
1587489922477;1587489921284;19;0;9;31
1587489922820;1587489921284;19;0;10;31
1587489923025;1587489914333;8;0;18;25
1587489923119;1587489921285;19;0;3;51
1587489923252;1587489921285;6;0;5;34
1587489923399;1587489921282;19;0;16;28
1587489924699;1587489921283;19;0;13;29
1587489925292;1587489921285;19;0;2;52
1587489925437;1587489921284;19;0;6;33
1587489925574;1587489921281;19;0;19;26
1587489926887;1587489921283;19;0;17;27
1587489927228;1587489921281;19;0;11;30
1587489927468;1587489914333;8;0;18;25
1587489927728;1587489921284;19;0;8;32
1587489928426;1587489928054;18;0;15;29
1587489928677;1587489928055;19;0;14;29
1587489928977;1587489928055;19;0;12;30
1587489929135;1587489928057;15;0;4;35
1587489929349;1587489928055;19;0;9;32
1587489929662;1587489928056;19;0;10;32
1587489929907;1587489914333;8;0;18;25
1587489929992;1587489928054;19;0;3;52
1587489930141;1587489928056;6;0;5;35
1587489930291;1587489928054;19;0;16;29
1587489931631;1587489928055;19;0;13;30
1587489932210;1587489921281;4;0;7;32
1587489932415;1587489928057;19;0;19;27
1587489932530;1587489928057;19;0;8;33
1587489933181;1587489928057;19;0;6;34
1587489933835;1587489914332;19;0;17;26
1587489934198;1587489928056;19;0;11;31
1587489934433;1587489914333;8;0;18;25
1587489934615;1587489928054;19;0;20;26
1587489934727;1587489756292;19;0;19;1
1587489935423;1587489934986;7;0;5;36
1587489935559;1587489934986;18;0;15;30
1587489935810;1587489934988;18;0;14;30
1587489936226;1587489934987;15;0;4;36
1587489936428;1587489934988;18;0;9;33
1587489936735;1587489934987;19;0;10;33
1587489936962;1587489914333;8;0;18;25
1587489937040;1587489934988;19;0;3;53
1587489937197;1587489934989;19;0;19;28
1587489937318;1587489934989;19;0;16;30
1587489938033;1587489934988;18;0;6;35
1587489938585;1587489934988;18;0;12;31
1587489938748;1587489934987;18;0;13;31
1587489939306;1587489934986;3;0;7;34
1587489939489;1587489934989;19;0;20;27
1587489939632;1587489934986;19;0;8;34
1587489940245;1587489756293;19;0;16;3
1587489940891;1587489934987;19;0;17;29
1587489941302;1587489934987;18;0;11;32
1587489941547;1587489914333;8;0;18;25
1587489941825;1587489762877;19;0;19;2
1587489942387;1587489942007;19;0;8;35
1587489942518;1587489942007;18;0;15;31
1587489942818;1587489942009;19;0;14;31
1587489943053;1587489942009;19;0;12;32
1587489943239;1587489942007;15;0;4;37
1587489943419;1587489942008;19;0;9;34
1587489943761;1587489942007;19;0;10;34
1587489943982;1587489914333;8;0;18;25
1587489944083;1587489942008;18;0;3;54
1587489944228;1587489942007;8;0;5;37
1587489944387;1587489942009;19;0;16;31
1587489945054;1587489942009;18;0;6;36
1587489945678;1587489942008;18;0;13;32
1587489946283;1587489942006;3;0;7;35
1587489946454;1587489942010;19;0;20;28
1587489946596;1587489942010;19;0;19;29
1587489947217;1587489762874;19;0;16;4
1587489947888;1587489942008;19;0;17;30
1587489948260;1587489942008;19;0;11;33
1587489948481;1587489914333;8;0;18;25
1587489948731;1587489762873;19;0;20;1
1587489949348;1587489948927;11;0;5;38
1587489949480;1587489948926;18;0;15;32
1587489949754;1587489948931;19;0;14;32
1587489950056;1587489948930;19;0;12;33
1587489950243;1587489948927;15;0;4;38
1587489950418;1587489948929;19;0;9;35
1587489950737;1587489948928;19;0;10;35
1587489950993;1587489914333;8;0;18;25
1587489951079;1587489948929;19;0;3;55
1587489951225;1587489948932;19;0;19;30
1587489951383;1587489948931;18;0;16;32
1587489952048;1587489948930;19;0;6;37
1587489952496;1587489948928;18;0;13;33
1587489952852;1587489948926;3;0;7;36
1587489952964;1587489948931;19;0;20;29
1587489953039;1587489948927;18;0;8;36
1587489953091;1587489769457;19;0;19;3
1587489953434;1587489769452;19;0;16;5
1587489954011;1587489948928;19;0;17;31
1587489954083;1587489769451;19;0;20;2
1587489954436;1587489948929;19;0;11;34
1587489954682;1587489841436;18;0;18;14
1587489954851;1587489782681;4;0;5;13
1587489955028;1587489776019;18;0;19;4
1587489955600;1587489955162;17;0;5;39
1587489955711;1587489955158;19;0;15;33
1587489955981;1587489955161;19;0;14;33
1587489956279;1587489955161;19;0;12;34
1587489956442;1587489955159;15;0;4;39
1587489956538;1587489955159;19;0;8;37
1587489956702;1587489955160;18;0;9;36
1587489956993;1587489948929;19;0;11;34
1587489957233;1587489955158;3;0;7;37
1587489957316;1587489955160;18;0;3;56
1587489957459;1587489955161;19;0;19;31
1587489957589;1587489955161;19;0;16;33
1587489957642;1587489808986;3;0;5;17
1587489958282;1587489955160;19;0;6;38
1587489958862;1587489955160;18;0;13;34
1587489959262;1587489955159;18;0;10;36
1587489959491;1587489955160;19;0;2;57
1587489959678;1587489955161;18;0;20;30
1587489960934;1587489955160;19;0;17;32
1587489961330;1587489955159;19;0;11;35
1587489961556;1587489848098;17;0;18;15
1587489962297;1587489961885;18;0;5;40
1587489962400;1587489961885;19;0;15;34
1587489962664;1587489961887;19;0;14;34
1587489962975;1587489961887;19;0;12;35
1587489963142;1587489961885;15;0;4;40
1587489963237;1587489961885;19;0;8;38
1587489963363;1587489961886;18;0;9;37
1587489963659;1587489961885;19;0;10;37
1587489963884;1587489961888;4;0;7;38
1587489963965;1587489961886;19;0;3;57
1587489964103;1587489961888;19;0;19;32
1587489964247;1587489961887;19;0;16;34
1587489964837;1587489961887;19;0;6;39
1587489965442;1587489961886;19;0;13;35
1587489966021;1587489961886;19;0;2;58
1587489966160;1587489961887;19;0;20;31
1587489967526;1587489961885;19;0;17;33
1587489967896;1587489961886;19;0;11;36
1587489968135;1587489928056;3;0;7;33
1587489968844;1587489968367;19;0;8;39
1587489968950;1587489968365;19;0;15;35
1587489969203;1587489968368;19;0;14;35
1587489969499;1587489968367;19;0;12;36
1587489969692;1587489968365;15;0;4;41
1587489969774;1587489968365;17;0;5;41
1587489969883;1587489968367;19;0;9;38
1587489970387;1587489968371;5;0;7;39
1587489970479;1587489968367;19;0;3;58
1587489970625;1587489968371;19;0;19;33
1587489970777;1587489968370;19;0;16;35
1587489971362;1587489968367;19;0;6;40
1587489972021;1587489968366;19;0;13;36
1587489972431;1587489968366;17;0;10;38
1587489972675;1587489968367;19;0;2;59
1587489972853;1587489968371;19;0;20;32
1587489974523;1587489880897;13;0;18;20
1587489974788;1587489974750;18;0;5;42
1587489975431;1587489974752;18;0;8;40
1587489975530;1587489974754;18;0;15;36
1587489975795;1587489974753;19;0;14;36
1587489976059;1587489974752;19;0;12;37
1587489976239;1587489974750;13;0;4;42
1587489976423;1587489974751;19;0;9;39
1587489976738;1587489968366;19;0;11;37
1587489976985;1587489974754;4;0;7;40
1587489977062;1587489974751;19;0;3;59
1587489977233;1587489974753;19;0;20;33
1587489977377;1587489974753;19;0;16;36
1587489978009;1587489974752;19;0;6;41
1587489978560;1587489974751;18;0;13;37
1587489978958;1587489974751;18;0;10;39
1587489979266;1587489974753;17;0;19;34
1587489980542;1587489968366;19;0;17;34
1587489981093;1587489887302;11;0;18;21
1587489981326;1587489981256;18;0;5;43
1587489981400;1587489981254;19;0;16;37
1587489982012;1587489981254;19;0;8;41
1587489982126;1587489981255;19;0;15;37
1587489982346;1587489981254;19;0;14;37
1587489982781;1587489981252;12;0;4;43
1587489982961;1587489981253;19;0;9;40
1587489983230;1587489974750;17;0;11;38
1587489983468;1587489981255;5;0;7;41
1587489983570;1587489981253;19;0;3;60
1587489983715;1587489981255;19;0;19;35
1587489984336;1587489981253;19;0;6;42
1587489984845;1587489981254;18;0;12;38
1587489985043;1587489981253;19;0;13;38
1587489985420;1587489981252;19;0;11;39
1587489985668;1587489894050;10;0;18;22
1587489987068;1587489981252;19;0;17;36
1587489987465;1587489981252;17;0;10;40
1587489987713;1587489900853;9;0;18;23
1587489988000;1587489987879;18;0;5;44
1587489988062;1587489987878;19;0;16;38
1587489988720;1587489987877;19;0;8;42
1587489988852;1587489987876;19;0;15;38
1587489989121;1587489987878;19;0;14;38
1587489989360;1587489987877;19;0;12;39
1587489989535;1587489987876;13;0;4;44
1587489989711;1587489987876;18;0;9;41
1587489990027;1587489987876;19;0;10;41
1587489990274;1587489987878;4;0;7;42
1587489990363;1587489987877;19;0;3;61
1587489990492;1587489987878;18;0;19;36
1587489991170;1587489987877;19;0;6;43
1587489991801;1587489987876;18;0;13;39
1587489992220;1587489987876;18;0;11;40
1587489992453;1587489907674;8;0;18;24
1587489992731;1587489981255;19;0;20;34
1587489993933;1587489987876;19;0;17;37
1587489994473;1587489921283;7;0;18;26
1587489994644;1587489987878;18;0;20;35
1587489994811;1587489994572;17;0;5;45
1587489995382;1587489994569;19;0;8;43
1587489995496;1587489994571;19;0;15;39
1587489995751;1587489994570;19;0;14;39
1587489996028;1587489994570;19;0;12;40
1587489996178;1587489994567;13;0;4;45
1587489996354;1587489994569;19;0;9;42
1587489996665;1587489994568;19;0;11;41
1587489996931;1587489994571;4;0;7;43
1587489997008;1587489994569;19;0;3;62
1587489997149;1587489994571;19;0;19;37
1587489997296;1587489994570;18;0;16;39
1587489997901;1587489994569;19;0;6;44
1587489998604;1587489994568;19;0;13;40
1587489998974;1587489994568;18;0;10;42
1587489999195;1587489928054;6;0;18;27
1587489999385;1587489994571;18;0;20;36
1587490000608;1587489994568;19;0;17;38
1587490001171;1587489942006;3;0;18;29
1587490001356;1587490001240;18;0;5;46
1587490001495;1587490001239;19;0;16;40
1587490002210;1587490001238;19;0;8;44
1587490002311;1587490001240;19;0;15;40
1587490002572;1587490001239;19;0;14;40
1587490002844;1587490001238;19;0;12;41
1587490003014;1587490001236;13;0;4;46
1587490003188;1587490001237;19;0;9;43
1587490003500;1587490001237;18;0;11;42
1587490003758;1587490001240;2;0;7;44
1587490003839;1587490001237;19;0;3;63
1587490004013;1587490001239;19;0;20;37
1587490004610;1587490001238;19;0;6;45
1587490005236;1587490001237;19;0;13;41
1587490005610;1587490001236;18;0;10;43
1587490005840;1587489934985;4;0;18;28
1587490006046;1587490001240;18;0;19;38
1587490007940;1587490007881;19;0;15;41
1587490008092;1587490007881;19;0;5;47
1587490008237;1587490007880;19;0;16;41
1587490008752;1587490007880;19;0;8;45
1587490009064;1587490007880;19;0;14;41
1587490009345;1587490007880;19;0;12;42
1587490009518;1587490007877;12;0;4;47
1587490009694;1587490007879;18;0;9;44
1587490010007;1587490007878;19;0;10;44
1587490010255;1587490007882;4;0;7;45
1587490010324;1587490007879;18;0;3;64
1587490010469;1587490007881;19;0;19;39
1587490011120;1587490007880;19;0;6;46
1587490011757;1587490007878;19;0;13;42
1587490012122;1587490007879;19;0;11;43
1587490012361;1587489981253;19;0;2;61
1587490012525;1587490007881;18;0;20;38
1587490013755;1587490001237;19;0;17;39
1587490014284;1587490014242;5;0;7;46
1587490014384;1587490014244;19;0;15;42
1587490014532;1587490014244;17;0;5;48
1587490014673;1587490014243;19;0;16;42
1587490015324;1587490014243;19;0;8;46
1587490015642;1587490014243;19;0;14;42
1587490015917;1587490014243;19;0;12;43
1587490016111;1587490014240;12;0;4;48
1587490016265;1587490014242;18;0;9;45
1587490016615;1587490014241;19;0;10;45
1587490016834;1587490014242;19;0;2;66
1587490016907;1587490014242;19;0;3;65
1587490017086;1587490014244;19;0;20;39
1587490017735;1587490014243;17;0;6;47
1587490018354;1587490014241;19;0;13;43
1587490018933;1587490014244;19;0;18;39
1587490019134;1587490014244;18;0;19;40
1587490020377;1587490014241;19;0;17;41
1587490020747;1587490014241;19;0;11;44
1587490020966;1587490020884;4;0;7;47
1587490021055;1587490020882;19;0;15;43
1587490021224;1587490020887;19;0;5;49
1587490021356;1587490020886;19;0;16;43
1587490022051;1587490020885;18;0;8;47
1587490022339;1587490020886;19;0;14;43
1587490022610;1587490020885;18;0;12;44
1587490022771;1587490020883;12;0;4;49
1587490022957;1587490020884;19;0;9;46
1587490023304;1587490020883;19;0;10;46
1587490023510;1587490020885;18;0;2;67
1587490023580;1587490020884;19;0;3;66
1587490023763;1587490020887;19;0;19;41
1587490024399;1587490020885;19;0;6;48
1587490024998;1587490020883;19;0;13;44
1587490025380;1587490020884;19;0;11;45
1587490025598;1587489769451;19;0;18;3
1587490025784;1587490020886;19;0;20;40
1587490026995;1587490020883;19;0;17;42
1587490027550;1587490027460;6;0;7;48
1587490027667;1587490027466;19;0;15;44
1587490027823;1587490027466;19;0;5;50
1587490028588;1587490027461;18;0;8;48
1587490028860;1587490027461;18;0;14;44
1587490029117;1587490027461;18;0;12;45
1587490029300;1587490027459;12;0;4;50
1587490029455;1587490027460;19;0;9;47
1587490029760;1587490027459;19;0;10;47
1587490029968;1587490027460;19;0;2;68
1587490030039;1587490027460;19;0;3;67
1587490030303;1587490027461;18;0;16;44
1587490030366;1587490027462;19;0;19;42
1587490030963;1587490027460;18;0;6;49
1587490032043;1587490027460;19;0;11;46
1587490032292;1587490027461;17;0;18;41
1587490032476;1587490027461;19;0;20;41
1587490034371;1587490034195;5;0;7;49
1587490034454;1587490034199;19;0;15;45
1587490034731;1587490034197;19;0;16;45
1587490034787;1587490034198;17;0;5;51
1587490035375;1587490034196;19;0;8;49
1587490035735;1587490034197;19;0;14;45
1587490036011;1587490034196;19;0;12;46
1587490036191;1587490027459;18;0;13;45
1587490036341;1587490034195;19;0;9;48
1587490036680;1587490034193;19;0;10;48
1587490036921;1587490034195;19;0;2;69
1587490036994;1587490034195;18;0;3;68
1587490037158;1587490034199;19;0;19;43
1587490037815;1587490034196;19;0;6;50
1587490038416;1587490034193;18;0;13;46
1587490038702;1587490034194;19;0;11;47
1587490039105;1587490034198;19;0;20;42
1587490040364;1587490027459;19;0;17;43
1587490040899;1587490040739;5;0;7;50
1587490040984;1587490040738;19;0;15;46
1587490041163;1587490040741;19;0;5;52
1587490041312;1587490040741;19;0;16;46
1587490042024;1587490040740;18;0;8;50
1587490042348;1587490040740;18;0;14;46
1587490042611;1587490040740;18;0;12;47
1587490042781;1587490040738;10;0;4;52
1587490042947;1587490040739;19;0;9;49
1587490043272;1587490040739;19;0;11;48
1587490043494;1587490040740;18;0;2;70
1587490043575;1587490040739;19;0;3;69
1587490043760;1587490040741;19;0;19;44
1587490044455;1587490040740;19;0;6;51
1587490045092;1587490040739;19;0;13;47
1587490045434;1587490040738;18;0;10;49
1587490045809;1587490040741;18;0;20;43
1587490047123;1587490040738;19;0;17;45
1587490047483;1587490047449;18;0;15;47
1587490047988;1587490047448;18;0;16;47
1587490048065;1587490047449;18;0;5;53
1587490048759;1587490047447;18;0;8;51
1587490049118;1587490047448;18;0;14;47
1587490049404;1587490047447;19;0;12;48
1587490049584;1587490047445;10;0;4;53
1587490049748;1587490047446;19;0;9;50
1587490050064;1587490047445;19;0;10;50
1587490050268;1587490040741;19;0;18;43
1587490050348;1587490047447;19;0;3;70
1587490050526;1587490047449;19;0;19;45
1587490051237;1587490047447;18;0;6;52
1587490051951;1587490047445;19;0;13;48
1587490052302;1587490047446;19;0;11;49
1587490052709;1587490047448;19;0;20;44
1587490054097;1587490047445;19;0;17;46
1587490054416;1587490054351;19;0;15;48
1587490054667;1587490054349;4;0;7;52
1587490054850;1587490054351;19;0;5;54
1587490054962;1587490054350;19;0;16;48
1587490055503;1587490054349;18;0;8;52
1587490055824;1587490054350;18;0;14;48
1587490056077;1587490054350;19;0;12;49
1587490056221;1587490054347;9;0;4;54
1587490056579;1587490054350;19;0;10;51
1587490056814;1587490054349;19;0;2;72
1587490056864;1587490054349;19;0;3;71
1587490056987;1587490054351;18;0;20;45
1587490057678;1587490054349;18;0;6;53
1587490058331;1587490054348;18;0;13;49
1587490058466;1587490054348;18;0;9;51
1587490058717;1587490054348;18;0;11;50
1587490060681;1587490060571;19;0;15;49
1587490060939;1587490054351;18;0;18;45
1587490061134;1587490054351;18;0;19;46
1587490061263;1587490060569;18;0;16;49
1587490061334;1587490060570;17;0;5;55
1587490061944;1587490060568;19;0;8;53
1587490062268;1587490060568;19;0;14;49
1587490062495;1587490060568;18;0;12;50
1587490062628;1587490060565;10;0;4;55
1587490062745;1587490060566;19;0;9;52
1587490063059;1587490060566;19;0;11;51
1587490063354;1587490060567;19;0;3;72
1587490063517;1587490060570;19;0;19;47
1587490064245;1587490060567;19;0;6;54
1587490064974;1587490060566;18;0;13;50
1587490065343;1587490060568;18;0;10;52
1587490065557;1587490060569;19;0;18;46
1587490065726;1587490060569;19;0;20;46
1587490067163;1587490060565;18;0;17;48
1587490067553;1587490067395;18;0;15;50
1587490067778;1587490067394;4;0;7;53
1587490067855;1587490067392;19;0;3;73
1587490068033;1587490067396;17;0;5;56
1587490068165;1587490067394;19;0;16;50
1587490068893;1587490067393;18;0;8;54
1587490069259;1587490067394;18;0;14;50
1587490069558;1587490067393;18;0;12;51
1587490069725;1587490067391;9;0;4;56
1587490069905;1587490067392;19;0;9;53
1587490070216;1587490067393;19;0;10;53
1587490070434;1587490067392;17;0;2;74
1587490070649;1587490067395;19;0;19;48
1587490072048;1587490067391;19;0;13;51
1587490072445;1587490067392;18;0;11;52
1587490072632;1587490067394;18;0;18;47
1587490072791;1587490067395;19;0;20;47
1587490073526;1587490067393;19;0;6;55
1587490074248;1587490067391;18;0;17;49
1587490074598;1587490074429;19;0;15;51
1587490074851;1587490074429;3;0;7;54
1587490074917;1587490074427;19;0;3;74
1587490075065;1587490074430;15;0;5;57
1587490075204;1587490074428;18;0;16;51
1587490075833;1587490074428;19;0;8;55
1587490076125;1587490074428;19;0;14;51
1587490076384;1587490074428;19;0;12;52
1587490076555;1587490074425;9;0;4;57
1587490076711;1587490074427;19;0;9;54
1587490077029;1587490074426;19;0;11;53
1587490077247;1587490074428;19;0;2;75
1587490077424;1587490074429;19;0;19;49
1587490078805;1587490074426;19;0;13;52
1587490078878;1587490074428;19;0;6;56
1587490079190;1587490074426;18;0;10;54
1587490079411;1587490074429;18;0;18;48
1587490079571;1587490074429;19;0;20;48
1587490080939;1587490074426;19;0;17;50
1587490081464;1587490081076;3;0;7;55
1587490081571;1587490081078;18;0;15;52
1587490081731;1587490081078;13;0;5;58
1587490081876;1587490081077;19;0;16;52
1587490082578;1587490081077;18;0;8;56
1587490082679;1587490081077;18;0;3;75
1587490082994;1587490081077;19;0;14;52
1587490083266;1587490081077;18;0;12;53
1587490083465;1587490081076;9;0;4;58
1587490083605;1587490081076;19;0;9;55
1587490083925;1587490081078;19;0;10;55
1587490084258;1587490081078;19;0;20;49
1587490085648;1587490081076;19;0;13;53
1587490085704;1587490081077;19;0;6;57
1587490086058;1587490081076;18;0;11;54
1587490086267;1587490074429;18;0;18;48
1587490086481;1587490081078;18;0;19;50
1587490087884;1587490081076;19;0;17;51
1587490088269;1587490088022;19;0;15;53
1587490088482;1587490074429;18;0;18;48
1587490088559;1587490088019;19;0;3;76
1587490088711;1587490088023;14;0;5;59
1587490088833;1587490088021;19;0;16;53
1587490089566;1587490088020;17;0;8;57
1587490089845;1587490088021;18;0;14;53
1587490090121;1587490088020;19;0;12;54
1587490090300;1587490088016;10;0;4;59
1587490090461;1587490088018;18;0;9;56
1587490090757;1587490088017;19;0;11;55
1587490090983;1587490088018;3;0;7;56
1587490091162;1587490088022;19;0;20;50
1587490092617;1587490088016;19;0;13;54
1587490092677;1587490088019;19;0;6;58
1587490092997;1587490088017;18;0;10;56
1587490093197;1587490034198;18;0;18;42
1587490093349;1587490088023;18;0;19;51
1587490094717;1587490088016;19;0;17;52
1587490094875;1587490094832;19;0;9;57
1587490095186;1587490094836;19;0;15;54
1587490095417;1587490074429;18;0;18;48
1587490095492;1587490094832;19;0;3;77
1587490095612;1587490094836;16;0;5;60
1587490095760;1587490094835;19;0;16;54
1587490095830;1587490094836;19;0;19;52
1587490096822;1587490094834;19;0;14;54
1587490097105;1587490094834;19;0;12;55
1587490097288;1587490094830;10;0;4;60
1587490097365;1587490094833;18;0;8;58
1587490097719;1587490094834;19;0;10;57
1587490097945;1587490094832;3;0;7;57
1587490098101;1587490094835;19;0;20;51
1587490098822;1587490094833;19;0;6;59
1587490099563;1587490094831;19;0;13;55
1587490099926;1587490094832;19;0;11;56
1587490100149;1587490074429;18;0;18;48
1587490101659;1587490094831;19;0;17;53
1587490101807;1587490101725;19;0;9;58
1587490102122;1587490101728;19;0;15;55
1587490102357;1587490074429;18;0;18;48
1587490102433;1587490101725;19;0;3;78
1587490102561;1587490101728;18;0;5;61
1587490102707;1587490101727;19;0;16;55
1587490102771;1587490101727;19;0;19;53
1587490103759;1587490101726;19;0;14;55
1587490104056;1587490101726;19;0;12;56
1587490104241;1587490101723;10;0;4;61
1587490104311;1587490101726;18;0;8;59
1587490104665;1587490101724;19;0;10;58
1587490104902;1587490101725;3;0;7;58
1587490105067;1587490101727;19;0;20;52
1587490105917;1587490101726;19;0;6;60
1587490106635;1587490101724;19;0;13;56
1587490106992;1587490101725;19;0;11;57
1587490107216;1587490074429;18;0;18;48
1587490108747;1587490101724;19;0;17;54
1587490108838;1587490108787;19;0;5;62
1587490108976;1587490108781;19;0;9;59
1587490109458;1587490108786;4;0;7;59
1587490109535;1587490108787;18;0;15;56
1587490109685;1587490108787;19;0;19;54
1587490109823;1587490108786;19;0;16;56
1587490110600;1587490108781;19;0;3;79
1587490110866;1587490108786;19;0;14;56
1587490111115;1587490108785;19;0;12;57
1587490111298;1587490108787;10;0;4;62
1587490111357;1587490108782;18;0;8;60
1587490111699;1587490108787;19;0;10;59
1587490111951;1587490108782;19;0;2;80
1587490112092;1587490108787;19;0;20;53
1587490112847;1587490108782;19;0;6;61
1587490113582;1587490108780;19;0;13;57
1587490113954;1587490108780;19;0;11;58
1587490115643;1587490115531;19;0;5;63
1587490115778;1587490115527;19;0;9;60
1587490116054;1587490115526;19;0;15;57
1587490116245;1587490115528;4;0;7;60
1587490116333;1587490115527;19;0;10;60
1587490116468;1587490115531;19;0;19;55
1587490116628;1587490115529;19;0;16;57
1587490117414;1587490115528;19;0;3;80
1587490117686;1587490115529;19;0;14;57
1587490117982;1587490115529;19;0;12;58
1587490118181;1587490115527;19;0;13;58
1587490118255;1587490115529;18;0;8;61
1587490118611;1587490115527;19;0;11;59
1587490118832;1587490115528;19;0;2;81
1587490118986;1587490115530;19;0;20;54
1587490119748;1587490115528;19;0;6;62
1587490120494;1587490115526;8;0;4;63
1587490121026;1587490115530;12;0;18;54
1587490122368;1587490122272;8;0;4;64
1587490122446;1587490122274;19;0;5;64
1587490122566;1587490122271;19;0;9;61
1587490122905;1587490122271;19;0;15;58
1587490123114;1587490115530;12;0;18;54
1587490123190;1587490122272;19;0;10;61
1587490123325;1587490122273;19;0;19;56
1587490123482;1587490122273;19;0;16;58
1587490124248;1587490122271;19;0;3;81
1587490124476;1587490122273;19;0;14;58
1587490124766;1587490122272;19;0;12;59
1587490124927;1587490122271;19;0;13;59
1587490124993;1587490122272;18;0;8;62
1587490125321;1587490122271;19;0;11;60
1587490125533;1587490067394;18;0;18;47
1587490125662;1587490122273;19;0;20;55
1587490126360;1587490122272;19;0;6;63
1587490127102;1587490122270;19;0;17;57
1587490127670;1587490115530;12;0;18;54
1587490129194;1587490129056;8;0;4;65
1587490129273;1587490129060;19;0;5;65
1587490129413;1587490129058;19;0;9;62
1587490129739;1587490129057;18;0;15;59
1587490129985;1587490115530;12;0;18;54
1587490130067;1587490129059;19;0;10;62
1587490130208;1587490129060;19;0;19;57
1587490130341;1587490129060;19;0;16;59
1587490131154;1587490129058;19;0;3;82
1587490131381;1587490129059;19;0;14;59
1587490131651;1587490129059;19;0;12;60
1587490131843;1587490129057;19;0;13;60
1587490131917;1587490129059;18;0;8;63
1587490132270;1587490129057;19;0;11;61
1587490132518;1587490129058;3;0;7;62
1587490133401;1587490129059;19;0;6;64
1587490134128;1587490129057;19;0;17;58
1587490134605;1587490115530;12;0;18;54
1587490134748;1587490129060;19;0;20;56
1587490136070;1587490136028;19;0;12;61
1587490136277;1587490136025;8;0;4;66
1587490136344;1587490136029;17;0;5;66
1587490136493;1587490136026;19;0;9;63
1587490136796;1587490136025;17;0;15;60
1587490137032;1587490115530;12;0;18;54
1587490137106;1587490136027;19;0;10;63
1587490137324;1587490136028;19;0;16;60
1587490138395;1587490136028;19;0;14;60
1587490138821;1587490136025;19;0;13;61
1587490138880;1587490136027;19;0;8;64
1587490139222;1587490136026;19;0;11;62
1587490139435;1587490136026;3;0;7;63
1587490139504;1587490136027;19;0;3;83
1587490140365;1587490136027;19;0;6;65
1587490141131;1587490136024;18;0;19;58
1587490141674;1587490115530;12;0;18;54
1587490143074;1587490143021;19;0;12;62
1587490143261;1587490143020;7;0;4;67
1587490143343;1587490143022;17;0;5;67
1587490143473;1587490143019;19;0;9;64
1587490143739;1587490143018;16;0;15;61
1587490144003;1587490115530;12;0;18;54
1587490144076;1587490143021;19;0;10;64
1587490144227;1587490143018;18;0;19;59
1587490144370;1587490143021;19;0;16;61
1587490145457;1587490143021;19;0;14;61
1587490145885;1587490143019;19;0;13;62
1587490145952;1587490143020;18;0;8;65
1587490146319;1587490143019;19;0;11;63
1587490146572;1587490143019;3;0;7;64
1587490146636;1587490143019;19;0;3;84
1587490146786;1587490136029;19;0;20;57
1587490146914;1587490143022;19;0;20;58
1587490147571;1587490143020;19;0;6;66
1587490148328;1587490136025;19;0;17;59
1587490148860;1587490115530;12;0;18;54
1587490150295;1587490150209;19;0;12;63
1587490150462;1587490150207;7;0;4;68
1587490150537;1587490150207;17;0;5;68
1587490150660;1587490150208;19;0;9;65
1587490150942;1587490150208;17;0;15;62
1587490151181;1587490150208;3;0;7;65
1587490151244;1587490150209;19;0;10;65
1587490151397;1587490150210;19;0;19;60
1587490151551;1587490150210;19;0;16;62
1587490152595;1587490150210;19;0;14;62
1587490153000;1587490150208;19;0;13;63
1587490153073;1587490150209;18;0;8;66
1587490153444;1587490150208;19;0;11;64
1587490153704;1587490115530;12;0;18;54
1587490153767;1587490150208;19;0;3;85
1587490153912;1587490150210;19;0;20;59
1587490154604;1587490150209;19;0;6;67
1587490155376;1587490108779;19;0;17;55
1587490155939;1587490150210;7;0;18;59
1587490157342;1587490157228;19;0;12;64
1587490157494;1587490157224;7;0;4;69
1587490157571;1587490157223;18;0;5;69
1587490157723;1587490157226;19;0;9;66
1587490158018;1587490157225;18;0;15;63
1587490158277;1587490150210;7;0;18;59
1587490158365;1587490157228;19;0;10;66
1587490158507;1587490157230;19;0;19;61
1587490158655;1587490157229;19;0;16;63
1587490159739;1587490157228;19;0;14;63
1587490160140;1587490157225;19;0;13;64
1587490160225;1587490157227;18;0;8;67
1587490160564;1587490157225;19;0;11;65
1587490160855;1587490157226;3;0;7;66
1587490160911;1587490157226;19;0;3;86
1587490161047;1587490157230;19;0;20;60
1587490161812;1587490157227;19;0;6;68
1587490162545;1587490157224;19;0;17;62
1587490163116;1587490150210;7;0;18;59
1587490164472;1587490164303;19;0;12;65
1587490164637;1587490164300;7;0;4;70
1587490164735;1587490164300;19;0;5;70
1587490164859;1587490164301;19;0;9;67
1587490165143;1587490164301;19;0;15;64
1587490165407;1587490150210;7;0;18;59
1587490165493;1587490164303;19;0;10;67
1587490165618;1587490164304;19;0;19;62
1587490165761;1587490164303;19;0;16;64
1587490166864;1587490164303;19;0;14;64
1587490167296;1587490164301;19;0;13;65
1587490167375;1587490164302;18;0;8;68
1587490167703;1587490164301;19;0;11;66
1587490167974;1587490164302;3;0;7;67
1587490168161;1587490164304;19;0;20;61
1587490168869;1587490164302;19;0;6;69
1587490169028;1587490164302;19;0;3;87
1587490169718;1587490164301;19;0;17;63
1587490170249;1587490164303;6;0;18;61
1587490171598;1587490171406;19;0;12;66
1587490171781;1587490171403;7;0;4;71
1587490171856;1587490171402;19;0;5;71
1587490171987;1587490171404;19;0;9;68
1587490172264;1587490171403;19;0;15;65
1587490172504;1587490164303;6;0;18;61
1587490172587;1587490171406;19;0;10;68
1587490172740;1587490171407;19;0;19;63
1587490172872;1587490171406;19;0;16;65
1587490174016;1587490171406;19;0;14;65
1587490174423;1587490171403;19;0;13;66
1587490174485;1587490171405;18;0;8;69
1587490174828;1587490171404;19;0;11;67
1587490175069;1587490171404;3;0;7;68
1587490175131;1587490171405;19;0;3;88
1587490175276;1587490171407;19;0;20;62
1587490175999;1587490171405;19;0;6;70
1587490176800;1587490171403;19;0;17;64
1587490177354;1587490171407;6;0;18;62
1587490178783;1587490178523;19;0;12;67
1587490178969;1587490178519;7;0;4;72
1587490179051;1587490178519;19;0;5;72
1587490179198;1587490178521;19;0;9;69
1587490179475;1587490178520;19;0;15;66
1587490179718;1587490171407;6;0;18;62
1587490179804;1587490178523;19;0;10;69
1587490179978;1587490178524;19;0;19;64
1587490180113;1587490178523;19;0;16;66
1587490181187;1587490178523;19;0;14;66
1587490181615;1587490178520;19;0;13;67
1587490181701;1587490178522;18;0;8;70
1587490182038;1587490178521;19;0;11;68
1587490182268;1587490178521;3;0;7;69
1587490182342;1587490178521;19;0;3;89
1587490182493;1587490178524;19;0;20;63
1587490183298;1587490178522;19;0;6;71
1587490184618;1587490178524;6;0;18;63
1587490185779;1587490185744;19;0;14;67
1587490186101;1587490185743;19;0;12;68
1587490186263;1587490185743;6;0;4;73
1587490186350;1587490185740;19;0;5;73
1587490186488;1587490185742;19;0;9;70
1587490186771;1587490185741;18;0;15;67
1587490187010;1587490185745;4;0;7;70
1587490187093;1587490185742;19;0;3;90
1587490187233;1587490185746;19;0;19;65
1587490187369;1587490185744;19;0;16;67
1587490188802;1587490185741;19;0;13;68
1587490188897;1587490185743;18;0;8;71
1587490189239;1587490185741;19;0;10;70
1587490189507;1587490185742;19;0;2;91
1587490189684;1587490185745;19;0;20;64
1587490190408;1587490185743;19;0;6;72
1587490191155;1587490178520;19;0;17;65
1587490191728;1587490185744;6;0;18;64
1587490192880;1587490192782;19;0;14;68
1587490193147;1587490192781;19;0;12;69
1587490193328;1587490192778;6;0;4;74
1587490193409;1587490192777;19;0;5;74
1587490193543;1587490192780;19;0;9;71
1587490193825;1587490185742;19;0;11;69
1587490194071;1587490185744;6;0;18;64
1587490194149;1587490192779;18;0;15;68
1587490194298;1587490192782;19;0;19;66
1587490194448;1587490192782;19;0;16;68
1587490195956;1587490192779;19;0;13;69
1587490196031;1587490192781;18;0;8;72
1587490196368;1587490192780;19;0;11;70
1587490196610;1587490192780;3;0;7;71
1587490196675;1587490185742;19;0;11;69
1587490196814;1587490192782;19;0;20;65
1587490197541;1587490192781;19;0;6;73
1587490197696;1587490192778;18;0;10;71
1587490198363;1587490192778;19;0;17;67
1587490198748;1587490192781;19;0;3;91
1587490198975;1587490122271;3;0;7;61
1587490200068;1587490199938;19;0;14;69
1587490200367;1587490199937;19;0;12;70
1587490200587;1587490199937;18;0;5;75
1587490200708;1587490199934;19;0;9;72
1587490201020;1587490199934;18;0;15;69
1587490201270;1587490192782;6;0;18;65
1587490201351;1587490199937;19;0;10;72
1587490201533;1587490199935;19;0;19;67
1587490201666;1587490199938;19;0;16;69
1587490203075;1587490199934;19;0;13;70
1587490203144;1587490199936;18;0;8;73
1587490203480;1587490199934;19;0;11;71
1587490203712;1587490199936;19;0;2;93
1587490203787;1587490199935;19;0;3;92
1587490203949;1587490199935;19;0;20;66
1587490204698;1587490199936;19;0;6;74
1587490205456;1587490199933;5;0;4;75
1587490206009;1587490192782;6;0;18;65
1587490207126;1587490206961;19;0;14;70
1587490207423;1587490206960;19;0;12;71
1587490207616;1587490206959;5;0;4;76
1587490207688;1587490206960;18;0;5;76
1587490207826;1587490206956;19;0;9;73
1587490208132;1587490206954;19;0;15;70
1587490208372;1587490192782;6;0;18;65
1587490208465;1587490206955;19;0;10;73
1587490208625;1587490206958;19;0;19;68
1587490208762;1587490206961;19;0;16;70
1587490210213;1587490206954;19;0;13;71
1587490210270;1587490206960;18;0;8;74
1587490210620;1587490206955;19;0;11;72
1587490210862;1587490199935;4;0;7;72
1587490210931;1587490206957;19;0;3;93
1587490211870;1587490206960;19;0;6;75
1587490212990;1587490206957;5;0;18;67
1587490213153;1587490206958;19;0;20;67
1587490214111;1587490213930;19;0;14;71
1587490214419;1587490213929;19;0;12;72
1587490214610;1587490213928;5;0;4;77
1587490214684;1587490213929;19;0;5;77
1587490214806;1587490213926;19;0;9;74
1587490215091;1587490213926;19;0;15;71
1587490215357;1587490206957;5;0;18;67
1587490215427;1587490213929;19;0;10;74
1587490215580;1587490213927;18;0;19;69
1587490215737;1587490213927;19;0;16;71
1587490217211;1587490213925;19;0;13;72
1587490217288;1587490213928;18;0;8;75
1587490217629;1587490213925;19;0;11;73
1587490217892;1587490213926;3;0;7;74
1587490217945;1587490213926;19;0;3;94
1587490218104;1587490213927;19;0;20;68
1587490219597;1587490213927;19;0;17;70
1587490220171;1587490213927;5;0;18;68
1587490220984;1587490213928;19;0;6;76
1587490221334;1587490221096;19;0;14;72
1587490221570;1587490221100;19;0;12;73
1587490221748;1587490221099;4;0;4;78
1587490221833;1587490221095;17;0;5;78
1587490221958;1587490221095;19;0;9;75
1587490222280;1587490221098;19;0;15;72
1587490222520;1587490213927;5;0;18;68
1587490222592;1587490221099;19;0;10;75
1587490222739;1587490221098;19;0;19;70
1587490222905;1587490221097;19;0;16;72
1587490222974;1587490221097;19;0;20;69
1587490224449;1587490221096;19;0;13;73
1587490224517;1587490221099;19;0;8;76
1587490224850;1587490221094;19;0;11;74
1587490225088;1587490221096;3;0;7;75
1587490225148;1587490221096;19;0;3;95
1587490226058;1587490221099;19;0;6;77
1587490226766;1587490221098;19;0;17;71
1587490227285;1587490221097;5;0;18;69
1587490228164;1587490228105;19;0;15;73
1587490228468;1587490228105;19;0;14;73
1587490228736;1587490228104;19;0;12;74
1587490228925;1587490228107;4;0;4;79
1587490229006;1587490228107;18;0;5;79
1587490229137;1587490228102;19;0;9;76
1587490229451;1587490228108;19;0;10;76
1587490229695;1587490221097;5;0;18;69
1587490229776;1587490228102;19;0;3;96
1587490229935;1587490228106;19;0;19;71
1587490230084;1587490228104;19;0;16;73
1587490230168;1587490228103;19;0;20;70
1587490231652;1587490228104;19;0;13;74
1587490231735;1587490228107;18;0;8;77
1587490232109;1587490228105;19;0;11;75
1587490233205;1587490228107;19;0;6;78
1587490233959;1587490185741;19;0;17;66
1587490234349;1587490228105;19;0;11;75
1587490234568;1587490228102;3;0;7;76
1587490235399;1587490235363;18;0;5;80
1587490235547;1587490235360;18;0;15;74
1587490235841;1587490235359;19;0;14;74
1587490236125;1587490235361;19;0;12;75
1587490236307;1587490235362;5;0;4;80
1587490236466;1587490235361;19;0;9;77
1587490236820;1587490235358;19;0;10;77
1587490237067;1587490228103;5;0;18;70
1587490237176;1587490235358;19;0;3;97
1587490237311;1587490235361;19;0;19;72
1587490237472;1587490235360;19;0;16;74
1587490237528;1587490235361;19;0;20;71
1587490238982;1587490235359;19;0;13;75
1587490239044;1587490235363;18;0;8;78
1587490239380;1587490235359;19;0;11;76
1587490239624;1587490235357;3;0;7;77
1587490240515;1587490235363;19;0;6;79
1587490241272;1587490235362;19;0;17;73
1587490241630;1587490235359;19;0;11;76
1587490241872;1587490228103;5;0;18;70
1587490242656;1587490242554;17;0;5;81
1587490242816;1587490242556;18;0;15;75
1587490243115;1587490242556;19;0;14;75
1587490243358;1587490242558;19;0;12;76
1587490243537;1587490242559;5;0;4;81
1587490243693;1587490242555;19;0;9;78
1587490244000;1587490242555;19;0;10;78
1587490244129;1587490228103;5;0;18;70
1587490244193;1587490242555;19;0;3;98
1587490244279;1587490242557;19;0;19;73
1587490244428;1587490242557;19;0;16;75
1587490244503;1587490242557;19;0;20;72
1587490245903;1587490242556;19;0;13;76
1587490245965;1587490242558;19;0;8;79
1587490246305;1587490242556;19;0;11;77
1587490246531;1587490242555;3;0;7;78
1587490247437;1587490242559;19;0;6;80
1587490248180;1587490242557;19;0;17;74
1587490248550;1587490242556;19;0;11;77
1587490248771;1587490228103;5;0;18;70
1587490249595;1587490249434;17;0;5;82
1587490249724;1587490249436;18;0;15;76
1587490250019;1587490249438;19;0;14;76
1587490250308;1587490249436;19;0;12;77
1587490250479;1587490249438;5;0;4;82
1587490250635;1587490249436;19;0;9;79
1587490250950;1587490249434;18;0;10;79
1587490251211;1587490228103;5;0;18;70
1587490251293;1587490249434;19;0;3;99
1587490251428;1587490249437;19;0;19;74
1587490251560;1587490249437;19;0;16;76
1587490251631;1587490249437;19;0;20;73
1587490253014;1587490249436;19;0;13;77
1587490253096;1587490249435;19;0;8;80
1587490253445;1587490249435;19;0;11;78
1587490253678;1587490249435;3;0;7;79
1587490254569;1587490249435;19;0;6;81
1587490255612;1587490249435;19;0;11;78
1587490255821;1587490228103;5;0;18;70
1587490256645;1587490256469;17;0;5;83
1587490256776;1587490256472;18;0;15;77
1587490257059;1587490256473;19;0;14;77
1587490257339;1587490256471;19;0;12;78
1587490257500;1587490256473;5;0;4;83
1587490257648;1587490256470;19;0;9;80
1587490257948;1587490256473;18;0;10;80
1587490258166;1587490256470;4;0;7;80
1587490258232;1587490256472;19;0;3;100
1587490258368;1587490256474;19;0;19;75
1587490258523;1587490256472;19;0;16;77
1587490258592;1587490256474;19;0;20;74
1587490259883;1587490256471;19;0;13;78
1587490260223;1587490256471;19;0;11;79
1587490260458;1587490256474;19;0;2;101
1587490261542;1587490249437;19;0;17;75
1587490261942;1587490228103;5;0;18;70
1587490262638;1587490262387;18;0;5;84
1587490262723;1587490262389;19;0;15;78
1587490263020;1587490262388;19;0;14;78
1587490263267;1587490262388;19;0;12;79
1587490263423;1587490262387;5;0;4;84
1587490263581;1587490262388;19;0;9;81
1587490263864;1587490262389;18;0;10;81
1587490264090;1587490228103;5;0;18;70
1587490264175;1587490262390;19;0;3;101
1587490264288;1587490262389;19;0;19;76
1587490264421;1587490262390;19;0;16;78
1587490264484;1587490262390;19;0;20;75
1587490265764;1587490262388;19;0;13;79
1587490266099;1587490262391;19;0;11;80
1587490266314;1587490262387;3;0;7;81
1587490267793;1587490262391;19;0;17;77
1587490268302;1587490262391;2;0;18;74
1587490269100;1587490268851;18;0;5;85
1587490269244;1587490268851;18;0;15;79
1587490269534;1587490268850;19;0;14;79
1587490269785;1587490268851;19;0;12;80
1587490269963;1587490268850;5;0;4;85
1587490270102;1587490268851;19;0;9;82
1587490270433;1587490268850;19;0;10;82
1587490270663;1587490262391;2;0;18;74
1587490270745;1587490268851;19;0;11;81
1587490270878;1587490268850;19;0;19;77
1587490271009;1587490268850;19;0;16;79
1587490271081;1587490268849;19;0;20;76
1587490272370;1587490268851;19;0;13;80
1587490272703;1587490268850;19;0;3;102
1587490272926;1587490268851;3;0;7;82
1587490274378;1587490268850;19;0;17;78
1587490274889;1587490268850;2;0;18;75
1587490275659;1587490275341;18;0;5;86
1587490275758;1587490275341;19;0;15;80
1587490276035;1587490275338;19;0;14;80
1587490276307;1587490275340;19;0;12;81
1587490276485;1587490275342;5;0;4;86
1587490276629;1587490275340;19;0;9;83
1587490276976;1587490275339;19;0;10;83
1587490277192;1587490268850;2;0;18;75
1587490277275;1587490275339;19;0;11;82
1587490277406;1587490275337;19;0;19;78
1587490277547;1587490275338;19;0;16;80
1587490277593;1587490275337;19;0;20;77
1587490278870;1587490275339;19;0;13;81
1587490279229;1587490275340;19;0;3;103
1587490279456;1587490275339;3;0;7;83
1587490280908;1587490256474;19;0;17;76
1587490281389;1587490275337;2;0;18;76
1587490282176;1587490281780;18;0;5;87
1587490282275;1587490281781;19;0;15;81
1587490282578;1587490281778;19;0;14;81
1587490282985;1587490281780;5;0;4;87
1587490283171;1587490281779;18;0;9;84
1587490283461;1587490281779;19;0;10;84
1587490283704;1587490275337;2;0;18;76
1587490283771;1587490281779;19;0;11;83
1587490283900;1587490281778;19;0;20;78
1587490284039;1587490281778;19;0;16;81
1587490284103;1587490281778;18;0;19;79
1587490284807;1587490281779;19;0;3;104
1587490285313;1587490281779;18;0;12;82
1587490285476;1587490281780;19;0;13;82
1587490285991;1587490281780;3;0;7;84
1587490287420;1587490281780;19;0;17;80
1587490287911;1587490281780;2;0;18;77
1587490288676;1587490288273;18;0;5;88
1587490288800;1587490288274;19;0;15;82
1587490289084;1587490288268;19;0;14;82
1587490289386;1587490288269;19;0;12;83
1587490289600;1587490288273;5;0;4;88
1587490289764;1587490288270;19;0;9;85
1587490290060;1587490288271;19;0;10;85
1587490290297;1587490288274;3;0;7;85
1587490290385;1587490288271;19;0;11;84
1587490290594;1587490288268;18;0;16;82
1587490290644;1587490288267;19;0;19;80
1587490291951;1587490288272;19;0;13;83
1587490292003;1587490288268;19;0;20;79
1587490292339;1587490288270;19;0;3;105
1587490292551;1587490206956;3;0;7;73
1587490294012;1587489776019;19;0;17;5
1587490294542;1587490288274;3;0;18;78
1587490295333;1587490294882;18;0;5;89
1587490295434;1587490294882;18;0;15;83
1587490295714;1587490294879;19;0;14;83
1587490295991;1587490294879;19;0;12;84
1587490296309;1587490294880;19;0;9;86
1587490296636;1587490294881;19;0;10;86
1587490296885;1587490288274;3;0;18;78
1587490296962;1587490294880;19;0;11;85
1587490297110;1587490294878;19;0;19;81
1587490297235;1587490294878;19;0;16;83
1587490297305;1587490294878;18;0;20;80
1587490298665;1587490294881;18;0;13;84
1587490299179;1587490294879;19;0;2;107
1587490299226;1587490294880;19;0;3;106
1587490300657;1587490294881;5;0;4;89
1587490301200;1587490294882;3;0;18;79
1587490301959;1587490301475;18;0;5;90
1587490302064;1587490301475;19;0;15;84
1587490302351;1587490301473;19;0;14;84
1587490302650;1587490301473;19;0;12;85
1587490302820;1587490301475;5;0;4;90
1587490303000;1587490301474;19;0;9;87
1587490303290;1587490301474;19;0;10;87
1587490303520;1587490294882;3;0;18;79
1587490303597;1587490301474;19;0;11;86
1587490303729;1587490301472;19;0;20;81
1587490303868;1587490301472;19;0;16;84
1587490303936;1587490301472;18;0;19;82
1587490305567;1587490301473;19;0;3;107
1587490305836;1587490294882;4;0;7;86
1587490307250;1587490301474;18;0;13;85
1587490307784;1587490301475;3;0;18;80
1587490308603;1587490308016;18;0;5;91
1587490308728;1587490308015;19;0;15;85
1587490308980;1587490308012;18;0;14;85
1587490309244;1587490308013;19;0;12;86
1587490309449;1587490308016;4;0;4;91
1587490309601;1587490308014;19;0;9;88
1587490309904;1587490308014;19;0;10;88
1587490310132;1587490308011;4;0;7;88
1587490310224;1587490308014;19;0;11;87
1587490310353;1587490308011;19;0;19;83
1587490310483;1587490308012;19;0;16;85
1587490310556;1587490308012;19;0;20;82
1587490311789;1587490308015;18;0;13;86
1587490312342;1587490081077;17;0;18;49
1587490312409;1587490308013;19;0;3;108
1587490313833;1587490301474;18;0;17;83
1587490314379;1587490081077;17;0;18;49
1587490314637;1587490314598;18;0;5;92
1587490315294;1587490314597;19;0;15;86
1587490315584;1587490314595;19;0;14;86
1587490315840;1587490314595;19;0;12;87
1587490316043;1587490314597;5;0;4;92
1587490316212;1587490314596;19;0;9;89
1587490316531;1587490314596;19;0;10;89
1587490316760;1587490314593;4;0;7;89
1587490316947;1587490314594;19;0;19;84
1587490317092;1587490314594;19;0;16;86
1587490317143;1587490314594;19;0;20;83
1587490318348;1587490314597;19;0;13;87
1587490318678;1587490314596;18;0;11;88
1587490318903;1587490301475;3;0;7;87
1587490318964;1587490314596;19;0;3;109
1587490320419;1587490314597;18;0;17;85
1587490320943;1587490081077;17;0;18;49
1587490321186;1587490321147;18;0;5;93
1587490321834;1587490321146;19;0;15;87
1587490322086;1587490321144;19;0;14;87
1587490322334;1587490321144;19;0;12;88
1587490322520;1587490321147;5;0;4;93
1587490322690;1587490321145;19;0;9;90
1587490323002;1587490321146;19;0;10;90
1587490323254;1587490321143;5;0;7;90
1587490323329;1587490321145;18;0;11;89
1587490323466;1587490321143;19;0;19;85
1587490323601;1587490321144;19;0;16;87
1587490323684;1587490321143;19;0;20;84
1587490324833;1587490321146;19;0;13;88
1587490325170;1587490321143;18;0;3;110
1587490325376;1587490081077;17;0;18;49
1587490327390;1587490081077;17;0;18;49
1587490327647;1587490327548;18;0;5;94
1587490327714;1587490327549;18;0;16;88
1587490328357;1587490327551;18;0;15;88
1587490328625;1587490327549;19;0;14;88
1587490328916;1587490327549;18;0;12;89
1587490329131;1587490327551;5;0;4;94
1587490329296;1587490327550;19;0;9;91
1587490329604;1587490327551;19;0;10;91
1587490329849;1587490327548;4;0;7;91
1587490329932;1587490327550;19;0;11;90
1587490330037;1587490327548;19;0;19;86
1587490330160;1587490327549;19;0;20;85
1587490331413;1587490327551;19;0;13;89
1587490331789;1587490327550;18;0;3;111
1587490332015;1587490081077;17;0;18;49
1587490333248;1587490327551;19;0;17;87
1587490333517;1587490081077;17;0;18;49
1587490333610;1587490333590;18;0;5;95
1587490333706;1587490333591;19;0;16;89
1587490334090;1587490333592;19;0;15;89
1587490334262;1587490333591;19;0;14;89
1587490334450;1587490333591;19;0;12;90
1587490334628;1587490333592;4;0;4;95
1587490334767;1587490333591;18;0;9;92
1587490335096;1587490333591;19;0;10;92
1587490335315;1587490333590;4;0;7;92
1587490335390;1587490333591;19;0;11;91
1587490335530;1587490333590;19;0;19;87
1587490335638;1587490333590;19;0;20;86
1587490336962;1587490333591;19;0;13;90
1587490337312;1587490333591;19;0;3;112
1587490337541;1587490081077;17;0;18;49
1587490338960;1587490333592;19;0;17;88
1587490339479;1587490081077;17;0;18;49
1587490339659;1587490339572;18;0;5;96
1587490339781;1587490339567;19;0;16;90
1587490340447;1587490339571;19;0;15;90
1587490340737;1587490339567;19;0;14;90
1587490341034;1587490339568;19;0;12;91
1587490341235;1587490339571;5;0;4;96
1587490341382;1587490339569;18;0;9;93
1587490341687;1587490339570;19;0;10;93
1587490341890;1587490339566;4;0;7;93
1587490341972;1587490339570;19;0;11;92
1587490342114;1587490339566;19;0;19;88
1587490342234;1587490339566;19;0;20;87
1587490343514;1587490339570;19;0;13;91
1587490343902;1587490339569;19;0;3;113
1587490344142;1587490081077;17;0;18;49
1587490345542;1587490339571;19;0;17;89
1587490346069;1587490081077;17;0;18;49
1587490346242;1587490346138;17;0;5;97
1587490346390;1587490346139;19;0;16;91
1587490347024;1587490346142;19;0;15;91
1587490347316;1587490346140;19;0;14;91
1587490347597;1587490346140;19;0;12;92
1587490347788;1587490346142;5;0;4;97
1587490347930;1587490346141;19;0;9;94
1587490348234;1587490346142;19;0;10;94
1587490348477;1587490346138;4;0;7;94
1587490348565;1587490346141;19;0;11;93
1587490348716;1587490346139;19;0;19;89
1587490348861;1587490346139;19;0;20;88
1587490350096;1587490346142;19;0;13;92
1587490350446;1587490346141;19;0;3;114
1587490350658;1587490081077;17;0;18;49
1587490352059;1587490346142;19;0;17;90
1587490352589;1587490081077;17;0;18;49
1587490352668;1587490352558;19;0;15;92
1587490352796;1587490352555;18;0;5;98
1587490352939;1587490352556;19;0;16;92
1587490353887;1587490352556;19;0;14;92
1587490354144;1587490352556;19;0;12;93
1587490354341;1587490352558;5;0;4;98
1587490354496;1587490352557;19;0;9;95
1587490354794;1587490352558;19;0;10;95
1587490355025;1587490321145;19;0;2;111
1587490355086;1587490352557;19;0;11;94
1587490355198;1587490352556;18;0;20;89
1587490355315;1587490352555;18;0;19;90
1587490356660;1587490352558;19;0;13;93
1587490357020;1587490352557;18;0;3;115
1587490357233;1587490352556;2;0;18;88
1587490358679;1587490352558;19;0;17;91
1587490359198;1587490359131;4;0;7;96
1587490359269;1587490359134;19;0;15;93
1587490359409;1587490359130;17;0;5;99
1587490359532;1587490359131;19;0;16;93
1587490360411;1587490359131;18;0;14;93
1587490361019;1587490359132;19;0;9;96
1587490361315;1587490359133;19;0;10;96
1587490361570;1587490359132;19;0;2;117
1587490361636;1587490359133;18;0;11;95
1587490361793;1587490359130;19;0;19;91
1587490361910;1587490359131;19;0;20;90
1587490362594;1587490359132;19;0;3;116
1587490363120;1587490359132;18;0;12;94
1587490363280;1587490359133;19;0;13;94
1587490363830;1587490352556;2;0;18;88
1587490365270;1587490359133;3;0;4;99
1587490365782;1587490352556;2;0;18;88
1587490365875;1587490365695;19;0;15;94
1587490365998;1587490365691;18;0;5;100
1587490366132;1587490365692;19;0;16;94
1587490367073;1587490365692;19;0;14;94
1587490367388;1587490365693;19;0;12;95
1587490367547;1587490365695;3;0;4;100
1587490367711;1587490365694;18;0;9;97
1587490368007;1587490365695;19;0;10;97
1587490368242;1587490365694;3;0;7;97
1587490368316;1587490365694;19;0;11;96
1587490368451;1587490365692;19;0;20;91
1587490368549;1587490365691;18;0;19;92
1587490369873;1587490365695;19;0;13;95
1587490370173;1587490365693;19;0;3;117
1587490370395;1587490365692;2;0;18;89
1587490371772;1587490294881;19;0;17;82
1587490372334;1587490365692;2;0;18;89
1587490372417;1587490372167;18;0;15;95
1587490372535;1587490372166;18;0;5;101
1587490372671;1587490372161;19;0;16;95
1587490372738;1587490372160;19;0;19;93
1587490373615;1587490372162;18;0;14;95
1587490373912;1587490372162;19;0;12;96
1587490374105;1587490372166;6;0;4;101
1587490374243;1587490372164;19;0;9;98
1587490374555;1587490372165;19;0;10;98
1587490374773;1587490352557;3;0;7;95
1587490374839;1587490372164;19;0;11;97
1587490374975;1587490372161;18;0;20;92
1587490376315;1587490372165;19;0;13;96
1587490376674;1587490372163;18;0;3;118
1587490376893;1587490365692;2;0;18;89
1587490378325;1587490372165;19;0;17;94
1587490378857;1587490365692;2;0;18;89
1587490378940;1587490378705;19;0;15;96
1587490379190;1587490378703;19;0;16;96
1587490379251;1587490378705;18;0;5;102
1587490379876;1587490378705;19;0;19;94
1587490380202;1587490378703;19;0;14;96
1587490380454;1587490378703;19;0;12;97
1587490380640;1587490378705;5;0;4;102
1587490380799;1587490378704;19;0;9;99
1587490381108;1587490378704;19;0;11;98
1587490381316;1587490378703;19;0;2;120
1587490381367;1587490378704;18;0;10;99
1587490381523;1587490378703;19;0;20;93
1587490382880;1587490378704;19;0;13;97
1587490383212;1587490378704;19;0;3;119
1587490383423;1587490365692;2;0;18;89
1587490384799;1587490378705;19;0;17;95
1587490385318;1587490365692;2;0;18;89
1587490385385;1587490385110;19;0;15;97
